# Mastronarde AtticGreek Principal Parts (Incr,GrEn) Anki CSV export
#separator:Comma
#columns:ID,Front,Back,Tags,DeckName
#notetype:MAG PP GrEn
#deck column:5
#html:false
ἄξω,ἄξω,Future of ἄγω,pp::future,"Mastronarde AtticGreek Principal Parts (Incr,GrEn)::PPA::Unit 05"
ἤγαγον,ἤγαγον,Aorist of ἄγω,pp::aorist,"Mastronarde AtticGreek Principal Parts (Incr,GrEn)::PPA::Unit 05"
ἦχα,ἦχα,Perfect of ἄγω,pp::perfect,"Mastronarde AtticGreek Principal Parts (Incr,GrEn)::PPC::Unit 05"
ἦγμαι,ἦγμαι,Perfect Middle of ἄγω,pp::perfect_middle,"Mastronarde AtticGreek Principal Parts (Incr,GrEn)::PPC::Unit 05"
ἤχθην,ἤχθην,Aorist Passive of ἄγω,pp::aorist_passive,"Mastronarde AtticGreek Principal Parts (Incr,GrEn)::PPB::Unit 05"
ἀποθανέομαι,ἀποθανέομαι,Future of ἀποθνῄσκω,pp::future,"Mastronarde AtticGreek Principal Parts (Incr,GrEn)::PPA::Unit 05"
ἀπέθανον,ἀπέθανον,Aorist of ἀποθνῄσκω,pp::aorist,"Mastronarde AtticGreek Principal Parts (Incr,GrEn)::PPA::Unit 05"
τέθνηκα,τέθνηκα,Perfect of ἀποθνῄσκω,pp::perfect,"Mastronarde AtticGreek Principal Parts (Incr,GrEn)::PPC::Unit 05"
ἄρξω,ἄρξω,Future of ἄρχω,pp::future,"Mastronarde AtticGreek Principal Parts (Incr,GrEn)::PPA::Unit 05"
ἦρξα,ἦρξα,Aorist of ἄρχω,pp::aorist,"Mastronarde AtticGreek Principal Parts (Incr,GrEn)::PPA::Unit 05"
ἧρχα,ἧρχα,Perfect of ἄρχω,pp::perfect,"Mastronarde AtticGreek Principal Parts (Incr,GrEn)::PPC::Unit 05"
ἧργμαι,ἧργμαι,Perfect Middle of ἄρχω,pp::perfect_middle,"Mastronarde AtticGreek Principal Parts (Incr,GrEn)::PPC::Unit 05"
ἥρχθην,ἥρχθην,Aorist Passive of ἄρχω,pp::aorist_passive,"Mastronarde AtticGreek Principal Parts (Incr,GrEn)::PPB::Unit 05"
γράψω,γράψω,Future of γράφω,pp::future,"Mastronarde AtticGreek Principal Parts (Incr,GrEn)::PPA::Unit 05"
ἤγραψα,ἤγραψα,Aorist of γράφω,pp::aorist,"Mastronarde AtticGreek Principal Parts (Incr,GrEn)::PPA::Unit 05"
γέγραφα,γέγραφα,Perfect of γράφω,pp::perfect,"Mastronarde AtticGreek Principal Parts (Incr,GrEn)::PPC::Unit 05"
γέγραμμαι,γέγραμμαι,Perfect Middle of γράφω,pp::perfect_middle,"Mastronarde AtticGreek Principal Parts (Incr,GrEn)::PPC::Unit 05"
ἐγράφην,ἐγράφην,Aorist Passive of γράφω,pp::aorist_passive,"Mastronarde AtticGreek Principal Parts (Incr,GrEn)::PPB::Unit 05"
ἐθελήσω,ἐθελήσω,Future of ἐθέλω,pp::future,"Mastronarde AtticGreek Principal Parts (Incr,GrEn)::PPA::Unit 05"
ἠθέλησα,ἠθέλησα,Aorist of ἐθέλω,pp::aorist,"Mastronarde AtticGreek Principal Parts (Incr,GrEn)::PPA::Unit 05"
ἠθέληκα,ἠθέληκα,Perfect of ἐθέλω,pp::perfect,"Mastronarde AtticGreek Principal Parts (Incr,GrEn)::PPC::Unit 05"
ἐλάω,ἐλάω,Future of ἐλαύνω,pp::future,"Mastronarde AtticGreek Principal Parts (Incr,GrEn)::PPA::Unit 05"
ἤλασα,ἤλασα,Aorist of ἐλαύνω,pp::aorist,"Mastronarde AtticGreek Principal Parts (Incr,GrEn)::PPA::Unit 05"
-ελήλακα,-ελήλακα,Perfect of ἐλαύνω,pp::perfect,"Mastronarde AtticGreek Principal Parts (Incr,GrEn)::PPC::Unit 05"
ἐλήλαμαι,ἐλήλαμαι,Perfect Middle of ἐλαύνω,pp::perfect_middle,"Mastronarde AtticGreek Principal Parts (Incr,GrEn)::PPC::Unit 05"
ἠλάθην,ἠλάθην,Aorist Passive of ἐλαύνω,pp::aorist_passive,"Mastronarde AtticGreek Principal Parts (Incr,GrEn)::PPB::Unit 05"
ἐπιτρεψω,ἐπιτρεψω,Future of ἐπιτρέπω,pp::future,"Mastronarde AtticGreek Principal Parts (Incr,GrEn)::PPA::Unit 05"
ἐπέτρεψα,ἐπέτρεψα,Aorist of ἐπιτρέπω,pp::aorist,"Mastronarde AtticGreek Principal Parts (Incr,GrEn)::PPA::Unit 05"
(ἐπιτέτροφα),(ἐπιτέτροφα),Perfect #1 of ἐπιτρέπω (same meaning),pp::perfect,"Mastronarde AtticGreek Principal Parts (Incr,GrEn)::PPC::Unit 05"
(ἐπιτέτραφα),(ἐπιτέτραφα),Perfect #2 of ἐπιτρέπω (same meaning),pp::perfect,"Mastronarde AtticGreek Principal Parts (Incr,GrEn)::PPC::Unit 05"
ἐπιτέτραμμαι,ἐπιτέτραμμαι,Perfect Middle of ἐπιτρέπω,pp::perfect_middle,"Mastronarde AtticGreek Principal Parts (Incr,GrEn)::PPC::Unit 05"
ἐπετρεφθην,ἐπετρεφθην,Aorist Passive of ἐπιτρέπω,pp::aorist_passive,"Mastronarde AtticGreek Principal Parts (Incr,GrEn)::PPB::Unit 05"
ἕξω,ἕξω,Future #1 of ἔχω (same meaning),pp::future,"Mastronarde AtticGreek Principal Parts (Incr,GrEn)::PPA::Unit 05"
σχήσω,σχήσω,Future #2 of ἔχω (same meaning),pp::future,"Mastronarde AtticGreek Principal Parts (Incr,GrEn)::PPA::Unit 05"
ἔσχον,ἔσχον,Aorist of ἔχω,pp::aorist,"Mastronarde AtticGreek Principal Parts (Incr,GrEn)::PPA::Unit 05"
ἔσχηκα,ἔσχηκα,Perfect of ἔχω,pp::perfect,"Mastronarde AtticGreek Principal Parts (Incr,GrEn)::PPC::Unit 05"
-έσχημαι,-έσχημαι,Perfect Middle of ἔχω,pp::perfect_middle,"Mastronarde AtticGreek Principal Parts (Incr,GrEn)::PPC::Unit 05"
(ἐσχέθην),(ἐσχέθην),Aorist Passive of ἔχω,pp::aorist_passive,"Mastronarde AtticGreek Principal Parts (Incr,GrEn)::PPB::Unit 05"
λήψομαι,λήψομαι,Future of λαμβάνω,pp::future,"Mastronarde AtticGreek Principal Parts (Incr,GrEn)::PPA::Unit 05"
ἔλαβον,ἔλαβον,Aorist of λαμβάνω,pp::aorist,"Mastronarde AtticGreek Principal Parts (Incr,GrEn)::PPA::Unit 05"
εἴληφα,εἴληφα,Perfect of λαμβάνω,pp::perfect,"Mastronarde AtticGreek Principal Parts (Incr,GrEn)::PPC::Unit 05"
εἴλημμαι,εἴλημμαι,Perfect Middle of λαμβάνω,pp::perfect_middle,"Mastronarde AtticGreek Principal Parts (Incr,GrEn)::PPC::Unit 05"
ἐλήφθην,ἐλήφθην,Aorist Passive of λαμβάνω,pp::aorist_passive,"Mastronarde AtticGreek Principal Parts (Incr,GrEn)::PPB::Unit 05"
λέξω,λέξω,Future of λέγω,pp::future,"Mastronarde AtticGreek Principal Parts (Incr,GrEn)::PPA::Unit 05"
ἔλεξα,ἔλεξα,Aorist of λέγω,pp::aorist,"Mastronarde AtticGreek Principal Parts (Incr,GrEn)::PPA::Unit 05"
λέλεγμαι,λέλεγμαι,Perfect Middle of λέγω,pp::perfect_middle,"Mastronarde AtticGreek Principal Parts (Incr,GrEn)::PPC::Unit 05"
ἐλέχθην,ἐλέχθην,Aorist Passive of λέγω,pp::aorist_passive,"Mastronarde AtticGreek Principal Parts (Incr,GrEn)::PPB::Unit 05"
λείψω,λείψω,Future of λείπω,pp::future,"Mastronarde AtticGreek Principal Parts (Incr,GrEn)::PPA::Unit 05"
ἔλιπον,ἔλιπον,Aorist of λείπω,pp::aorist,"Mastronarde AtticGreek Principal Parts (Incr,GrEn)::PPA::Unit 05"
λέλοιπα,λέλοιπα,Perfect of λείπω,pp::perfect,"Mastronarde AtticGreek Principal Parts (Incr,GrEn)::PPC::Unit 05"
λέλειμμαι,λέλειμμαι,Perfect Middle of λείπω,pp::perfect_middle,"Mastronarde AtticGreek Principal Parts (Incr,GrEn)::PPC::Unit 05"
ἐλείφθην,ἐλείφθην,Aorist Passive of λείπω,pp::aorist_passive,"Mastronarde AtticGreek Principal Parts (Incr,GrEn)::PPB::Unit 05"
λύσω,λύσω,Future of λύω,pp::future,"Mastronarde AtticGreek Principal Parts (Incr,GrEn)::PPA::Unit 05"
ἔλυσα,ἔλυσα,Aorist of λύω,pp::aorist,"Mastronarde AtticGreek Principal Parts (Incr,GrEn)::PPA::Unit 05"
λέλυκα,λέλυκα,Perfect of λύω,pp::perfect,"Mastronarde AtticGreek Principal Parts (Incr,GrEn)::PPC::Unit 05"
λέλυμαι,λέλυμαι,Perfect Middle of λύω,pp::perfect_middle,"Mastronarde AtticGreek Principal Parts (Incr,GrEn)::PPC::Unit 05"
ἐλύθην,ἐλύθην,Aorist Passive of λύω,pp::aorist_passive,"Mastronarde AtticGreek Principal Parts (Incr,GrEn)::PPB::Unit 05"
μενέω,μενέω,Future of μένω,pp::future,"Mastronarde AtticGreek Principal Parts (Incr,GrEn)::PPA::Unit 05"
ἔμεινα,ἔμεινα,Aorist of μένω,pp::aorist,"Mastronarde AtticGreek Principal Parts (Incr,GrEn)::PPA::Unit 05"
μεμένηκα,μεμένηκα,Perfect of μένω,pp::perfect,"Mastronarde AtticGreek Principal Parts (Incr,GrEn)::PPC::Unit 05"
πείσω,πείσω,Future of πείθω,pp::future,"Mastronarde AtticGreek Principal Parts (Incr,GrEn)::PPA::Unit 05"
ἔπεισα,ἔπεισα,Aorist of πείθω,pp::aorist,"Mastronarde AtticGreek Principal Parts (Incr,GrEn)::PPA::Unit 05"
πέπεικα,πέπεικα,Perfect #1 of πείθω (diff. meaning),pp::perfect,"Mastronarde AtticGreek Principal Parts (Incr,GrEn)::PPC::Unit 05"
πέποιθα,πέποιθα,Perfect #2 of πείθω (diff. meaning),pp::perfect,"Mastronarde AtticGreek Principal Parts (Incr,GrEn)::PPC::Unit 05"
πέπισμαι,πέπισμαι,Perfect Middle of πείθω,pp::perfect_middle,"Mastronarde AtticGreek Principal Parts (Incr,GrEn)::PPC::Unit 05"
ἐπείσθην,ἐπείσθην,Aorist Passive of πείθω,pp::aorist_passive,"Mastronarde AtticGreek Principal Parts (Incr,GrEn)::PPB::Unit 05"
πέμψω,πέμψω,Future of πέμπω,pp::future,"Mastronarde AtticGreek Principal Parts (Incr,GrEn)::PPA::Unit 05"
ἔπεμψα,ἔπεμψα,Aorist of πέμπω,pp::aorist,"Mastronarde AtticGreek Principal Parts (Incr,GrEn)::PPA::Unit 05"
πέπομφα,πέπομφα,Perfect of πέμπω,pp::perfect,"Mastronarde AtticGreek Principal Parts (Incr,GrEn)::PPC::Unit 05"
πέπεμμαι,πέπεμμαι,Perfect Middle of πέμπω,pp::perfect_middle,"Mastronarde AtticGreek Principal Parts (Incr,GrEn)::PPC::Unit 05"
ἐπέμθην,ἐπέμθην,Aorist Passive of πέμπω,pp::aorist_passive,"Mastronarde AtticGreek Principal Parts (Incr,GrEn)::PPB::Unit 05"
οἴσω,οἴσω,Future of φέρω,pp::future,"Mastronarde AtticGreek Principal Parts (Incr,GrEn)::PPA::Unit 05"
ἤνεγκον,ἤνεγκον,Aorist #1 of φέρω (same meaning),pp::aorist,"Mastronarde AtticGreek Principal Parts (Incr,GrEn)::PPA::Unit 05"
ἤνεγκα,ἤνεγκα,Aorist #2 of φέρω (same meaning),pp::aorist,"Mastronarde AtticGreek Principal Parts (Incr,GrEn)::PPA::Unit 05"
ἐνήνοχα,ἐνήνοχα,Perfect of φέρω,pp::perfect,"Mastronarde AtticGreek Principal Parts (Incr,GrEn)::PPC::Unit 05"
ἐνήνεγμαι,ἐνήνεγμαι,Perfect Middle of φέρω,pp::perfect_middle,"Mastronarde AtticGreek Principal Parts (Incr,GrEn)::PPC::Unit 05"
ἠψέχθην,ἠψέχθην,Aorist Passive of φέρω,pp::aorist_passive,"Mastronarde AtticGreek Principal Parts (Incr,GrEn)::PPB::Unit 05"
φεύξομαι,φεύξομαι,Future #1 of φεύγω (same meaning),pp::future,"Mastronarde AtticGreek Principal Parts (Incr,GrEn)::PPA::Unit 05"
φευξέομαι,φευξέομαι,Future #2 of φεύγω (same meaning),pp::future,"Mastronarde AtticGreek Principal Parts (Incr,GrEn)::PPA::Unit 05"
ἔφυγον,ἔφυγον,Aorist of φεύγω,pp::aorist,"Mastronarde AtticGreek Principal Parts (Incr,GrEn)::PPA::Unit 05"
πέξευγα,πέξευγα,Perfect of φεύγω,pp::perfect,"Mastronarde AtticGreek Principal Parts (Incr,GrEn)::PPC::Unit 05"
ἀκούσομαι,ἀκούσομαι,Future of ἀκούω,pp::future,"Mastronarde AtticGreek Principal Parts (Incr,GrEn)::PPA::Unit 09"
ἤκουσα,ἤκουσα,Aorist of ἀκούω,pp::aorist,"Mastronarde AtticGreek Principal Parts (Incr,GrEn)::PPA::Unit 09"
ἀκήκοα,ἀκήκοα,Perfect of ἀκούω,pp::perfect,"Mastronarde AtticGreek Principal Parts (Incr,GrEn)::PPC::Unit 09"
ἠκούσθην,ἠκούσθην,Aorist Passive of ἀκούω,pp::aorist_passive,"Mastronarde AtticGreek Principal Parts (Incr,GrEn)::PPB::Unit 09"
βλάψω,βλάψω,Future of βλάπτω,pp::future,"Mastronarde AtticGreek Principal Parts (Incr,GrEn)::PPA::Unit 09"
ἔβλαψα,ἔβλαψα,Aorist of βλάπτω,pp::aorist,"Mastronarde AtticGreek Principal Parts (Incr,GrEn)::PPA::Unit 09"
βέβλαφα,βέβλαφα,Perfect of βλάπτω,pp::perfect,"Mastronarde AtticGreek Principal Parts (Incr,GrEn)::PPC::Unit 09"
βέβλαμμαι,βέβλαμμαι,Perfect Middle of βλάπτω,pp::perfect_middle,"Mastronarde AtticGreek Principal Parts (Incr,GrEn)::PPC::Unit 09"
ἐβλάβην,ἐβλάβην,Aorist Passive #1 of βλάπτω (same meaning),pp::aorist_passive,"Mastronarde AtticGreek Principal Parts (Incr,GrEn)::PPB::Unit 09"
ἐβλάφθην,ἐβλάφθην,Aorist Passive #2 of βλάπτω (same meaning),pp::aorist_passive,"Mastronarde AtticGreek Principal Parts (Incr,GrEn)::PPB::Unit 09"
κελεύσω,κελεύσω,Future of κελεύω,pp::future,"Mastronarde AtticGreek Principal Parts (Incr,GrEn)::PPA::Unit 09"
ἐκέλευσα,ἐκέλευσα,Aorist of κελεύω,pp::aorist,"Mastronarde AtticGreek Principal Parts (Incr,GrEn)::PPA::Unit 09"
κεκέλευκα,κεκέλευκα,Perfect of κελεύω,pp::perfect,"Mastronarde AtticGreek Principal Parts (Incr,GrEn)::PPC::Unit 09"
κεκέλευσμαι,κεκέλευσμαι,Perfect Middle of κελεύω,pp::perfect_middle,"Mastronarde AtticGreek Principal Parts (Incr,GrEn)::PPC::Unit 09"
ἐκελεύσθην,ἐκελεύσθην,Aorist Passive of κελεύω,pp::aorist_passive,"Mastronarde AtticGreek Principal Parts (Incr,GrEn)::PPB::Unit 09"
τάξω,τάξω,Future of τάττω,pp::future,"Mastronarde AtticGreek Principal Parts (Incr,GrEn)::PPA::Unit 09"
ἔταξα,ἔταξα,Aorist of τάττω,pp::aorist,"Mastronarde AtticGreek Principal Parts (Incr,GrEn)::PPA::Unit 09"
τέταχα,τέταχα,Perfect of τάττω,pp::perfect,"Mastronarde AtticGreek Principal Parts (Incr,GrEn)::PPC::Unit 09"
τέταγμαι,τέταγμαι,Perfect Middle of τάττω,pp::perfect_middle,"Mastronarde AtticGreek Principal Parts (Incr,GrEn)::PPC::Unit 09"
ἐτάχθην,ἐτάχθην,Aorist Passive of τάττω,pp::aorist_passive,"Mastronarde AtticGreek Principal Parts (Incr,GrEn)::PPB::Unit 09"
δεήσει,δεήσει,Future of δεῖ,pp::future,"Mastronarde AtticGreek Principal Parts (Incr,GrEn)::PPA::Unit 09"
ἐδέησε,ἐδέησε,Aorist of δεῖ,pp::aorist,"Mastronarde AtticGreek Principal Parts (Incr,GrEn)::PPA::Unit 09"
δόξει,δόξει,Future of δοκεῖ,pp::future,"Mastronarde AtticGreek Principal Parts (Incr,GrEn)::PPA::Unit 09"
ἔδοξε,ἔδοξε,Aorist of δοκεῖ,pp::aorist,"Mastronarde AtticGreek Principal Parts (Incr,GrEn)::PPA::Unit 09"
δέδοκται,δέδοκται,Perfect Middle of δοκεῖ,pp::perfect_middle,"Mastronarde AtticGreek Principal Parts (Incr,GrEn)::PPC::Unit 09"
ἐξέσται,ἐξέσται,Future of ἔξεστι,pp::future,"Mastronarde AtticGreek Principal Parts (Incr,GrEn)::PPA::Unit 09"
χρήσται,χρήσται,Future of χρή,pp::future,"Mastronarde AtticGreek Principal Parts (Incr,GrEn)::PPA::Unit 09"
βαλέω,βαλέω,Future of βάλλω,pp::future,"Mastronarde AtticGreek Principal Parts (Incr,GrEn)::PPA::Unit 10"
ἔβαλον,ἔβαλον,Aorist of βάλλω,pp::aorist,"Mastronarde AtticGreek Principal Parts (Incr,GrEn)::PPA::Unit 10"
βέβληκα,βέβληκα,Perfect of βάλλω,pp::perfect,"Mastronarde AtticGreek Principal Parts (Incr,GrEn)::PPC::Unit 10"
βέβλημαι,βέβλημαι,Perfect Middle of βάλλω,pp::perfect_middle,"Mastronarde AtticGreek Principal Parts (Incr,GrEn)::PPC::Unit 10"
ἐβληθην,ἐβληθην,Aorist Passive of βάλλω,pp::aorist_passive,"Mastronarde AtticGreek Principal Parts (Incr,GrEn)::PPB::Unit 10"
ἔσομαι,ἔσομαι,Future of εἰμί,pp::future,"Mastronarde AtticGreek Principal Parts (Incr,GrEn)::PPA::Unit 10"
εὑρησω,εὑρησω,Future of εὑρίσκω,pp::future,"Mastronarde AtticGreek Principal Parts (Incr,GrEn)::PPA::Unit 10"
ηὗρον,ηὗρον,Aorist of εὑρίσκω,pp::aorist,"Mastronarde AtticGreek Principal Parts (Incr,GrEn)::PPA::Unit 10"
ηὕρηκα,ηὕρηκα,Perfect of εὑρίσκω,pp::perfect,"Mastronarde AtticGreek Principal Parts (Incr,GrEn)::PPC::Unit 10"
ηὕρημαι,ηὕρημαι,Perfect Middle of εὑρίσκω,pp::perfect_middle,"Mastronarde AtticGreek Principal Parts (Incr,GrEn)::PPC::Unit 10"
ηὑρέθην,ηὑρέθην,Aorist Passive of εὑρίσκω,pp::aorist_passive,"Mastronarde AtticGreek Principal Parts (Incr,GrEn)::PPB::Unit 10"
πείσομαι,πείσομαι,Future of πάσχω,pp::future,"Mastronarde AtticGreek Principal Parts (Incr,GrEn)::PPA::Unit 10"
ἔπαθον,ἔπαθον,Aorist of πάσχω,pp::aorist,"Mastronarde AtticGreek Principal Parts (Incr,GrEn)::PPA::Unit 10"
πέπονθα,πέπονθα,Perfect of πάσχω,pp::perfect,"Mastronarde AtticGreek Principal Parts (Incr,GrEn)::PPC::Unit 10"
πράξω,πράξω,Future of πράττω,pp::future,"Mastronarde AtticGreek Principal Parts (Incr,GrEn)::PPA::Unit 10"
ἔπραξα,ἔπραξα,Aorist of πράττω,pp::aorist,"Mastronarde AtticGreek Principal Parts (Incr,GrEn)::PPA::Unit 10"
πέπραγα,πέπραγα,Perfect #1 of πράττω (same meaning),pp::perfect,"Mastronarde AtticGreek Principal Parts (Incr,GrEn)::PPC::Unit 10"
πέπραχα,πέπραχα,Perfect #2 of πράττω (same meaning),pp::perfect,"Mastronarde AtticGreek Principal Parts (Incr,GrEn)::PPC::Unit 10"
πέπραγμαι,πέπραγμαι,Perfect Middle of πράττω,pp::perfect_middle,"Mastronarde AtticGreek Principal Parts (Incr,GrEn)::PPC::Unit 10"
ἐπάχθην,ἐπάχθην,Aorist Passive of πράττω,pp::aorist_passive,"Mastronarde AtticGreek Principal Parts (Incr,GrEn)::PPB::Unit 10"
ἀποκτενέω,ἀποκτενέω,Future of ἀποκτείνω,pp::future,"Mastronarde AtticGreek Principal Parts (Incr,GrEn)::PPA::Unit 11"
ἀπέκτεινα,ἀπέκτεινα,Aorist of ἀποκτείνω,pp::aorist,"Mastronarde AtticGreek Principal Parts (Incr,GrEn)::PPA::Unit 11"
ἀπέκτονα,ἀπέκτονα,Perfect of ἀποκτείνω,pp::perfect,"Mastronarde AtticGreek Principal Parts (Incr,GrEn)::PPC::Unit 11"
βουλεύσω,βουλεύσω,Future of βουλεύω,pp::future,"Mastronarde AtticGreek Principal Parts (Incr,GrEn)::PPA::Unit 11"
ἐβούλευσα,ἐβούλευσα,Aorist of βουλεύω,pp::aorist,"Mastronarde AtticGreek Principal Parts (Incr,GrEn)::PPA::Unit 11"
βεβούλευκα,βεβούλευκα,Perfect of βουλεύω,pp::perfect,"Mastronarde AtticGreek Principal Parts (Incr,GrEn)::PPC::Unit 11"
βεβούλευμαι,βεβούλευμαι,Perfect Middle of βουλεύω,pp::perfect_middle,"Mastronarde AtticGreek Principal Parts (Incr,GrEn)::PPC::Unit 11"
ἐβουλεύθην,ἐβουλεύθην,Aorist Passive of βουλεύω,pp::aorist_passive,"Mastronarde AtticGreek Principal Parts (Incr,GrEn)::PPB::Unit 11"
γυμνάσω,γυμνάσω,Future of γυμνάζω,pp::future,"Mastronarde AtticGreek Principal Parts (Incr,GrEn)::PPA::Unit 11"
ἐγύνμασα,ἐγύνμασα,Aorist of γυμνάζω,pp::aorist,"Mastronarde AtticGreek Principal Parts (Incr,GrEn)::PPA::Unit 11"
γεγύμνακα,γεγύμνακα,Perfect of γυμνάζω,pp::perfect,"Mastronarde AtticGreek Principal Parts (Incr,GrEn)::PPC::Unit 11"
γεγύμνασμαι,γεγύμνασμαι,Perfect Middle of γυμνάζω,pp::perfect_middle,"Mastronarde AtticGreek Principal Parts (Incr,GrEn)::PPC::Unit 11"
ἐγυμνάσθην,ἐγυμνάσθην,Aorist Passive of γυμνάζω,pp::aorist_passive,"Mastronarde AtticGreek Principal Parts (Incr,GrEn)::PPB::Unit 11"
δικάσω,δικάσω,Future of δικάζω,pp::future,"Mastronarde AtticGreek Principal Parts (Incr,GrEn)::PPA::Unit 11"
ἐδίκασα,ἐδίκασα,Aorist of δικάζω,pp::aorist,"Mastronarde AtticGreek Principal Parts (Incr,GrEn)::PPA::Unit 11"
δεδίκακα,δεδίκακα,Perfect of δικάζω,pp::perfect,"Mastronarde AtticGreek Principal Parts (Incr,GrEn)::PPC::Unit 11"
δεδίκασμαι,δεδίκασμαι,Perfect Middle of δικάζω,pp::perfect_middle,"Mastronarde AtticGreek Principal Parts (Incr,GrEn)::PPC::Unit 11"
ἐδικάσθην,ἐδικάσθην,Aorist Passive of δικάζω,pp::aorist_passive,"Mastronarde AtticGreek Principal Parts (Incr,GrEn)::PPB::Unit 11"
κόψω,κόψω,Future of κόπτω,pp::future,"Mastronarde AtticGreek Principal Parts (Incr,GrEn)::PPA::Unit 11"
ἔκοψα,ἔκοψα,Aorist of κόπτω,pp::aorist,"Mastronarde AtticGreek Principal Parts (Incr,GrEn)::PPA::Unit 11"
-κέκοφα,-κέκοφα,Perfect of κόπτω,pp::perfect,"Mastronarde AtticGreek Principal Parts (Incr,GrEn)::PPC::Unit 11"
κέκομμαι,κέκομμαι,Perfect Middle of κόπτω,pp::perfect_middle,"Mastronarde AtticGreek Principal Parts (Incr,GrEn)::PPC::Unit 11"
-εκόπην,-εκόπην,Aorist Passive of κόπτω,pp::aorist_passive,"Mastronarde AtticGreek Principal Parts (Incr,GrEn)::PPB::Unit 11"
παρασκευάσω,παρασκευάσω,Future of παρασκευάζω,pp::future,"Mastronarde AtticGreek Principal Parts (Incr,GrEn)::PPA::Unit 11"
παρεσκεύασα,παρεσκεύασα,Aorist of παρασκευάζω,pp::aorist,"Mastronarde AtticGreek Principal Parts (Incr,GrEn)::PPA::Unit 11"
παρεσκεύασμαι,παρεσκεύασμαι,Perfect Middle of παρασκευάζω,pp::perfect_middle,"Mastronarde AtticGreek Principal Parts (Incr,GrEn)::PPC::Unit 11"
παρεσκευάσθην,παρεσκευάσθην,Aorist Passive of παρασκευάζω,pp::aorist_passive,"Mastronarde AtticGreek Principal Parts (Incr,GrEn)::PPB::Unit 11"
πολιτεύσω,πολιτεύσω,Future of πολιτεύω,pp::future,"Mastronarde AtticGreek Principal Parts (Incr,GrEn)::PPA::Unit 11"
ἐπολίτευσα,ἐπολίτευσα,Aorist of πολιτεύω,pp::aorist,"Mastronarde AtticGreek Principal Parts (Incr,GrEn)::PPA::Unit 11"
πεπολίτευκα,πεπολίτευκα,Perfect of πολιτεύω,pp::perfect,"Mastronarde AtticGreek Principal Parts (Incr,GrEn)::PPC::Unit 11"
πεπολίτευμαι,πεπολίτευμαι,Perfect Middle of πολιτεύω,pp::perfect_middle,"Mastronarde AtticGreek Principal Parts (Incr,GrEn)::PPC::Unit 11"
ἐπολιτεύθην,ἐπολιτεύθην,Aorist Passive of πολιτεύω,pp::aorist_passive,"Mastronarde AtticGreek Principal Parts (Incr,GrEn)::PPB::Unit 11"
σπείσω,σπείσω,Future of σπένδω,pp::future,"Mastronarde AtticGreek Principal Parts (Incr,GrEn)::PPA::Unit 11"
ἔσπεισα,ἔσπεισα,Aorist of σπένδω,pp::aorist,"Mastronarde AtticGreek Principal Parts (Incr,GrEn)::PPA::Unit 11"
ἔσπεισμαι,ἔσπεισμαι,Perfect Middle of σπένδω,pp::perfect_middle,"Mastronarde AtticGreek Principal Parts (Incr,GrEn)::PPC::Unit 11"
αἰσθήσομαι,αἰσθήσομαι,Future of αἰσθάνομαι,pp::future,"Mastronarde AtticGreek Principal Parts (Incr,GrEn)::PPA::Unit 11"
ᾐσθόμην,ᾐσθόμην,Aorist of αἰσθάνομαι,pp::aorist,"Mastronarde AtticGreek Principal Parts (Incr,GrEn)::PPA::Unit 11"
ᾔσθημαι,ᾔσθημαι,Perfect Middle of αἰσθάνομαι,pp::perfect_middle,"Mastronarde AtticGreek Principal Parts (Incr,GrEn)::PPC::Unit 11"
βουλήσομαι,βουλήσομαι,Future of βούλομαι,pp::future,"Mastronarde AtticGreek Principal Parts (Incr,GrEn)::PPA::Unit 11"
βεβούλημαι,βεβούλημαι,Perfect Middle of βούλομαι,pp::perfect_middle,"Mastronarde AtticGreek Principal Parts (Incr,GrEn)::PPC::Unit 11"
ἐβουλήθην,ἐβουλήθην,Aorist Passive of βούλομαι,pp::aorist_passive,"Mastronarde AtticGreek Principal Parts (Incr,GrEn)::PPB::Unit 11"
γενήσομαι,γενήσομαι,Future of γίγνομαι,pp::future,"Mastronarde AtticGreek Principal Parts (Incr,GrEn)::PPA::Unit 11"
ἐγενόμην,ἐγενόμην,Aorist of γίγνομαι,pp::aorist,"Mastronarde AtticGreek Principal Parts (Incr,GrEn)::PPA::Unit 11"
γέγονα,γέγονα,Perfect of γίγνομαι,pp::perfect,"Mastronarde AtticGreek Principal Parts (Incr,GrEn)::PPC::Unit 11"
γεγένημαι,γεγένημαι,Perfect Middle of γίγνομαι,pp::perfect_middle,"Mastronarde AtticGreek Principal Parts (Incr,GrEn)::PPC::Unit 11"
ἐγενήθην,ἐγενήθην,Aorist Passive of γίγνομαι,pp::aorist_passive,"Mastronarde AtticGreek Principal Parts (Incr,GrEn)::PPB::Unit 11"
ἐλεύσομαι,ἐλεύσομαι,Future of ἔρχομαι,pp::future,"Mastronarde AtticGreek Principal Parts (Incr,GrEn)::PPA::Unit 11"
ἦλθον (stem ἐλθ-),ἦλθον (stem ἐλθ-),Aorist of ἔρχομαι,pp::aorist,"Mastronarde AtticGreek Principal Parts (Incr,GrEn)::PPA::Unit 11"
ἐλήλυθα,ἐλήλυθα,Perfect of ἔρχομαι,pp::perfect,"Mastronarde AtticGreek Principal Parts (Incr,GrEn)::PPC::Unit 11"
μαχέομαι,μαχέομαι,Future of μάχομαι,pp::future,"Mastronarde AtticGreek Principal Parts (Incr,GrEn)::PPA::Unit 11"
ἐμαχεσάμην,ἐμαχεσάμην,Aorist of μάχομαι,pp::aorist,"Mastronarde AtticGreek Principal Parts (Incr,GrEn)::PPA::Unit 11"
μεμάχημαι,μεμάχημαι,Perfect Middle of μάχομαι,pp::perfect_middle,"Mastronarde AtticGreek Principal Parts (Incr,GrEn)::PPC::Unit 11"
οἰήσομαι,οἰήσομαι,Future of οἴομαι or οἶμαι,pp::future,"Mastronarde AtticGreek Principal Parts (Incr,GrEn)::PPA::Unit 11"
ᾠήθην,ᾠήθην,Aorist Passive of οἴομαι or οἶμαι,pp::aorist_passive,"Mastronarde AtticGreek Principal Parts (Incr,GrEn)::PPB::Unit 11"
παρακελεύσομαι,παρακελεύσομαι,Future of παρακελεύομαι,pp::future,"Mastronarde AtticGreek Principal Parts (Incr,GrEn)::PPA::Unit 11"
παρεκελευσάμην,παρεκελευσάμην,Aorist of παρακελεύομαι,pp::aorist,"Mastronarde AtticGreek Principal Parts (Incr,GrEn)::PPA::Unit 11"
παρακεκέλευσμαι,παρακεκέλευσμαι,Perfect Middle of παρακελεύομαι,pp::perfect_middle,"Mastronarde AtticGreek Principal Parts (Incr,GrEn)::PPC::Unit 11"
πεύσομαι,πεύσομαι,Future of πυνθάνομαι,pp::future,"Mastronarde AtticGreek Principal Parts (Incr,GrEn)::PPA::Unit 11"
ἐπυθόμην,ἐπυθόμην,Aorist of πυνθάνομαι,pp::aorist,"Mastronarde AtticGreek Principal Parts (Incr,GrEn)::PPA::Unit 11"
πέπυσμαι,πέπυσμαι,Perfect Middle of πυνθάνομαι,pp::perfect_middle,"Mastronarde AtticGreek Principal Parts (Incr,GrEn)::PPC::Unit 11"
ἀδικήσω,ἀδικήσω,Future of ἀδικέω,pp::future,"Mastronarde AtticGreek Principal Parts (Incr,GrEn)::PPA::Unit 13"
ἠδίκησα,ἠδίκησα,Aorist of ἀδικέω,pp::aorist,"Mastronarde AtticGreek Principal Parts (Incr,GrEn)::PPA::Unit 13"
ἠδίκηκα,ἠδίκηκα,Perfect of ἀδικέω,pp::perfect,"Mastronarde AtticGreek Principal Parts (Incr,GrEn)::PPC::Unit 13"
ἠδίκημαι,ἠδίκημαι,Perfect Middle of ἀδικέω,pp::perfect_middle,"Mastronarde AtticGreek Principal Parts (Incr,GrEn)::PPC::Unit 13"
ἠδικήθην,ἠδικήθην,Aorist Passive of ἀδικέω,pp::aorist_passive,"Mastronarde AtticGreek Principal Parts (Incr,GrEn)::PPB::Unit 13"
αἱρήσω,αἱρήσω,Future of αἱρέω,pp::future,"Mastronarde AtticGreek Principal Parts (Incr,GrEn)::PPA::Unit 13"
εἷλον (stem ἑλ-),εἷλον (stem ἑλ-),Aorist of αἱρέω,pp::aorist,"Mastronarde AtticGreek Principal Parts (Incr,GrEn)::PPA::Unit 13"
ᾕρηκα,ᾕρηκα,Perfect of αἱρέω,pp::perfect,"Mastronarde AtticGreek Principal Parts (Incr,GrEn)::PPC::Unit 13"
ᾕρημαι,ᾕρημαι,Perfect Middle of αἱρέω,pp::perfect_middle,"Mastronarde AtticGreek Principal Parts (Incr,GrEn)::PPC::Unit 13"
ᾑρέθην,ᾑρέθην,Aorist Passive of αἱρέω,pp::aorist_passive,"Mastronarde AtticGreek Principal Parts (Incr,GrEn)::PPB::Unit 13"
ἀφίξομαι,ἀφίξομαι,Future of ἀφικνέομαι,pp::future,"Mastronarde AtticGreek Principal Parts (Incr,GrEn)::PPA::Unit 13"
ἀφικόμην,ἀφικόμην,Aorist of ἀφικνέομαι,pp::aorist,"Mastronarde AtticGreek Principal Parts (Incr,GrEn)::PPA::Unit 13"
ἀφῖγμαι,ἀφῖγμαι,Perfect Middle of ἀφικνέομαι,pp::perfect_middle,"Mastronarde AtticGreek Principal Parts (Incr,GrEn)::PPC::Unit 13"
δεήσω,δεήσω,Future of δέω,pp::future,"Mastronarde AtticGreek Principal Parts (Incr,GrEn)::PPA::Unit 13"
ἐδέησα,ἐδέησα,Aorist of δέω,pp::aorist,"Mastronarde AtticGreek Principal Parts (Incr,GrEn)::PPA::Unit 13"
δεδέηκα,δεδέηκα,Perfect of δέω,pp::perfect,"Mastronarde AtticGreek Principal Parts (Incr,GrEn)::PPC::Unit 13"
δεδέημαι,δεδέημαι,Perfect Middle of δέω,pp::perfect_middle,"Mastronarde AtticGreek Principal Parts (Incr,GrEn)::PPC::Unit 13"
ἐδεήθην,ἐδεήθην,Aorist Passive of δέω,pp::aorist_passive,"Mastronarde AtticGreek Principal Parts (Incr,GrEn)::PPB::Unit 13"
δεήσομαι,δεήσομαι,Future of δέομαι,pp::future,"Mastronarde AtticGreek Principal Parts (Incr,GrEn)::PPA::Unit 13"
ἐδεήθην,ἐδεήθην,Aorist Passive of δέομαι,pp::aorist_passive,"Mastronarde AtticGreek Principal Parts (Incr,GrEn)::PPB::Unit 13"
δόξω,δόξω,Future of δοκέω,pp::future,"Mastronarde AtticGreek Principal Parts (Incr,GrEn)::PPA::Unit 13"
ἔδοξα,ἔδοξα,Aorist of δοκέω,pp::aorist,"Mastronarde AtticGreek Principal Parts (Incr,GrEn)::PPA::Unit 13"
δέδογμαι,δέδογμαι,Perfect Middle of δοκέω,pp::perfect_middle,"Mastronarde AtticGreek Principal Parts (Incr,GrEn)::PPC::Unit 13"
-εδόχθην,-εδόχθην,Aorist Passive of δοκέω,pp::aorist_passive,"Mastronarde AtticGreek Principal Parts (Incr,GrEn)::PPB::Unit 13"
κρατήσω,κρατήσω,Future of κρατέω,pp::future,"Mastronarde AtticGreek Principal Parts (Incr,GrEn)::PPA::Unit 13"
ἐκράτησα,ἐκράτησα,Aorist of κρατέω,pp::aorist,"Mastronarde AtticGreek Principal Parts (Incr,GrEn)::PPA::Unit 13"
κεκράτηκα,κεκράτηκα,Perfect of κρατέω,pp::perfect,"Mastronarde AtticGreek Principal Parts (Incr,GrEn)::PPC::Unit 13"
κεκράτημαι,κεκράτημαι,Perfect Middle of κρατέω,pp::perfect_middle,"Mastronarde AtticGreek Principal Parts (Incr,GrEn)::PPC::Unit 13"
ἐκρατήθην,ἐκρατήθην,Aorist Passive of κρατέω,pp::aorist_passive,"Mastronarde AtticGreek Principal Parts (Incr,GrEn)::PPB::Unit 13"
νοσήσω,νοσήσω,Future of νοσέω,pp::future,"Mastronarde AtticGreek Principal Parts (Incr,GrEn)::PPA::Unit 13"
ἐνόσησα,ἐνόσησα,Aorist of νοσέω,pp::aorist,"Mastronarde AtticGreek Principal Parts (Incr,GrEn)::PPA::Unit 13"
νενόσηκα,νενόσηκα,Perfect of νοσέω,pp::perfect,"Mastronarde AtticGreek Principal Parts (Incr,GrEn)::PPC::Unit 13"
οἰκήσω,οἰκήσω,Future of οἰκέω,pp::future,"Mastronarde AtticGreek Principal Parts (Incr,GrEn)::PPA::Unit 13"
ᾤκησα,ᾤκησα,Aorist of οἰκέω,pp::aorist,"Mastronarde AtticGreek Principal Parts (Incr,GrEn)::PPA::Unit 13"
ᾤκηκα,ᾤκηκα,Perfect of οἰκέω,pp::perfect,"Mastronarde AtticGreek Principal Parts (Incr,GrEn)::PPC::Unit 13"
ᾤκημαι,ᾤκημαι,Perfect Middle of οἰκέω,pp::perfect_middle,"Mastronarde AtticGreek Principal Parts (Incr,GrEn)::PPC::Unit 13"
ᾠκήθην,ᾠκήθην,Aorist Passive of οἰκέω,pp::aorist_passive,"Mastronarde AtticGreek Principal Parts (Incr,GrEn)::PPB::Unit 13"
ποιήσω,ποιήσω,Future of ποιέω,pp::future,"Mastronarde AtticGreek Principal Parts (Incr,GrEn)::PPA::Unit 13"
ἐποίησα,ἐποίησα,Aorist of ποιέω,pp::aorist,"Mastronarde AtticGreek Principal Parts (Incr,GrEn)::PPA::Unit 13"
πεποίηκα,πεποίηκα,Perfect of ποιέω,pp::perfect,"Mastronarde AtticGreek Principal Parts (Incr,GrEn)::PPC::Unit 13"
πεποίημαι,πεποίημαι,Perfect Middle of ποιέω,pp::perfect_middle,"Mastronarde AtticGreek Principal Parts (Incr,GrEn)::PPC::Unit 13"
ἐποιήθην,ἐποιήθην,Aorist Passive of ποιέω,pp::aorist_passive,"Mastronarde AtticGreek Principal Parts (Incr,GrEn)::PPB::Unit 13"
φιλήσω,φιλήσω,Future of φιλέω,pp::future,"Mastronarde AtticGreek Principal Parts (Incr,GrEn)::PPA::Unit 13"
ἐφίλησα,ἐφίλησα,Aorist of φιλέω,pp::aorist,"Mastronarde AtticGreek Principal Parts (Incr,GrEn)::PPA::Unit 13"
πεφίληκα,πεφίληκα,Perfect of φιλέω,pp::perfect,"Mastronarde AtticGreek Principal Parts (Incr,GrEn)::PPC::Unit 13"
πεηίλημαι,πεηίλημαι,Perfect Middle of φιλέω,pp::perfect_middle,"Mastronarde AtticGreek Principal Parts (Incr,GrEn)::PPC::Unit 13"
ἐφιλήθην,ἐφιλήθην,Aorist Passive of φιλέω,pp::aorist_passive,"Mastronarde AtticGreek Principal Parts (Incr,GrEn)::PPB::Unit 13"
φοβήσω,φοβήσω,Future of φοβέω,pp::future,"Mastronarde AtticGreek Principal Parts (Incr,GrEn)::PPA::Unit 13"
ἐφόβησα,ἐφόβησα,Aorist of φοβέω,pp::aorist,"Mastronarde AtticGreek Principal Parts (Incr,GrEn)::PPA::Unit 13"
πεφόβημαι,πεφόβημαι,Perfect Middle of φοβέω,pp::perfect_middle,"Mastronarde AtticGreek Principal Parts (Incr,GrEn)::PPC::Unit 13"
ἐφοβήθην,ἐφοβήθην,Aorist Passive of φοβέω,pp::aorist_passive,"Mastronarde AtticGreek Principal Parts (Incr,GrEn)::PPB::Unit 13"
ὠφελήσω,ὠφελήσω,Future of ὠφελέω,pp::future,"Mastronarde AtticGreek Principal Parts (Incr,GrEn)::PPA::Unit 13"
ὠφέλησα,ὠφέλησα,Aorist of ὠφελέω,pp::aorist,"Mastronarde AtticGreek Principal Parts (Incr,GrEn)::PPA::Unit 13"
ὠφέληκα,ὠφέληκα,Perfect of ὠφελέω,pp::perfect,"Mastronarde AtticGreek Principal Parts (Incr,GrEn)::PPC::Unit 13"
ὠφέλημαι,ὠφέλημαι,Perfect Middle of ὠφελέω,pp::perfect_middle,"Mastronarde AtticGreek Principal Parts (Incr,GrEn)::PPC::Unit 13"
ὠφελήθην,ὠφελήθην,Aorist Passive of ὠφελέω,pp::aorist_passive,"Mastronarde AtticGreek Principal Parts (Incr,GrEn)::PPB::Unit 13"
αἰτήσω,αἰτήσω,Future of αἰτέω,pp::future,"Mastronarde AtticGreek Principal Parts (Incr,GrEn)::PPA::Unit 16"
ᾔτησα,ᾔτησα,Aorist of αἰτέω,pp::aorist,"Mastronarde AtticGreek Principal Parts (Incr,GrEn)::PPA::Unit 16"
ᾔτηκα,ᾔτηκα,Perfect of αἰτέω,pp::perfect,"Mastronarde AtticGreek Principal Parts (Incr,GrEn)::PPC::Unit 16"
ᾔτημαι,ᾔτημαι,Perfect Middle of αἰτέω,pp::perfect_middle,"Mastronarde AtticGreek Principal Parts (Incr,GrEn)::PPC::Unit 16"
ᾐτήθην,ᾐτήθην,Aorist Passive of αἰτέω,pp::aorist_passive,"Mastronarde AtticGreek Principal Parts (Incr,GrEn)::PPB::Unit 16"
ἀπάξω,ἀπάξω,Future of ἀπάγω,pp::future,"Mastronarde AtticGreek Principal Parts (Incr,GrEn)::PPA::Unit 16"
ἀπήγαγον,ἀπήγαγον,Aorist of ἀπάγω,pp::aorist,"Mastronarde AtticGreek Principal Parts (Incr,GrEn)::PPA::Unit 16"
ἀπῆχα,ἀπῆχα,Perfect of ἀπάγω,pp::perfect,"Mastronarde AtticGreek Principal Parts (Incr,GrEn)::PPC::Unit 16"
ἀπῆγμαι,ἀπῆγμαι,Perfect Middle of ἀπάγω,pp::perfect_middle,"Mastronarde AtticGreek Principal Parts (Incr,GrEn)::PPC::Unit 16"
ἀπήχθην,ἀπήχθην,Aorist Passive of ἀπάγω,pp::aorist_passive,"Mastronarde AtticGreek Principal Parts (Incr,GrEn)::PPB::Unit 16"
ἀφέξω,ἀφέξω,Future #1 of ἀπέχω (same meaning),pp::future,"Mastronarde AtticGreek Principal Parts (Incr,GrEn)::PPA::Unit 16"
ἀποσχήσω,ἀποσχήσω,Future #2 of ἀπέχω (same meaning),pp::future,"Mastronarde AtticGreek Principal Parts (Incr,GrEn)::PPA::Unit 16"
ἀπέσχον,ἀπέσχον,Aorist of ἀπέχω,pp::aorist,"Mastronarde AtticGreek Principal Parts (Incr,GrEn)::PPA::Unit 16"
ἐπαινέσομαι,ἐπαινέσομαι,Future #1 of ἐπαινέω (same meaning),pp::future,"Mastronarde AtticGreek Principal Parts (Incr,GrEn)::PPA::Unit 16"
ἐπαινέσω,ἐπαινέσω,Future #2 of ἐπαινέω (same meaning),pp::future,"Mastronarde AtticGreek Principal Parts (Incr,GrEn)::PPA::Unit 16"
ἐπῄνεσα,ἐπῄνεσα,Aorist of ἐπαινέω,pp::aorist,"Mastronarde AtticGreek Principal Parts (Incr,GrEn)::PPA::Unit 16"
ἐπῄνεκα,ἐπῄνεκα,Perfect of ἐπαινέω,pp::perfect,"Mastronarde AtticGreek Principal Parts (Incr,GrEn)::PPC::Unit 16"
ἐπῄνημαι,ἐπῄνημαι,Perfect Middle of ἐπαινέω,pp::perfect_middle,"Mastronarde AtticGreek Principal Parts (Incr,GrEn)::PPC::Unit 16"
ἐπῃνέθην,ἐπῃνέθην,Aorist Passive of ἐπαινέω,pp::aorist_passive,"Mastronarde AtticGreek Principal Parts (Incr,GrEn)::PPB::Unit 16"
ἐπιθυμήσω,ἐπιθυμήσω,Future of ἐπιθυμέω,pp::future,"Mastronarde AtticGreek Principal Parts (Incr,GrEn)::PPA::Unit 16"
ἐπεθύμησα,ἐπεθύμησα,Aorist of ἐπιθυμέω,pp::aorist,"Mastronarde AtticGreek Principal Parts (Incr,GrEn)::PPA::Unit 16"
ἐπιτεθύμηκα,ἐπιτεθύμηκα,Perfect of ἐπιθυμέω,pp::perfect,"Mastronarde AtticGreek Principal Parts (Incr,GrEn)::PPC::Unit 16"
ζητήσω,ζητήσω,Future of ζητέω,pp::future,"Mastronarde AtticGreek Principal Parts (Incr,GrEn)::PPA::Unit 16"
ἐζήτησα,ἐζήτησα,Aorist of ζητέω,pp::aorist,"Mastronarde AtticGreek Principal Parts (Incr,GrEn)::PPA::Unit 16"
ἐζήτηκα,ἐζήτηκα,Perfect of ζητέω,pp::perfect,"Mastronarde AtticGreek Principal Parts (Incr,GrEn)::PPC::Unit 16"
(ἐζήτημαι),(ἐζήτημαι),Perfect Middle of ζητέω,pp::perfect_middle,"Mastronarde AtticGreek Principal Parts (Incr,GrEn)::PPC::Unit 16"
ἐζητήθην,ἐζητήθην,Aorist Passive of ζητέω,pp::aorist_passive,"Mastronarde AtticGreek Principal Parts (Incr,GrEn)::PPB::Unit 16"
ἡγήσομαι,ἡγήσομαι,Future of ἡγέομαι,pp::future,"Mastronarde AtticGreek Principal Parts (Incr,GrEn)::PPA::Unit 16"
ἡγησάμην,ἡγησάμην,Aorist of ἡγέομαι,pp::aorist,"Mastronarde AtticGreek Principal Parts (Incr,GrEn)::PPA::Unit 16"
ἥγημαι,ἥγημαι,Perfect Middle of ἡγέομαι,pp::perfect_middle,"Mastronarde AtticGreek Principal Parts (Incr,GrEn)::PPC::Unit 16"
-ηγήθην,-ηγήθην,Aorist Passive of ἡγέομαι,pp::aorist_passive,"Mastronarde AtticGreek Principal Parts (Incr,GrEn)::PPB::Unit 16"
κωλύσω,κωλύσω,Future of κωλύω,pp::future,"Mastronarde AtticGreek Principal Parts (Incr,GrEn)::PPA::Unit 16"
ἐκώλυσα,ἐκώλυσα,Aorist of κωλύω,pp::aorist,"Mastronarde AtticGreek Principal Parts (Incr,GrEn)::PPA::Unit 16"
κεκώλυκα,κεκώλυκα,Perfect of κωλύω,pp::perfect,"Mastronarde AtticGreek Principal Parts (Incr,GrEn)::PPC::Unit 16"
κεκώλυμαι,κεκώλυμαι,Perfect Middle of κωλύω,pp::perfect_middle,"Mastronarde AtticGreek Principal Parts (Incr,GrEn)::PPC::Unit 16"
ἐκωλύθην,ἐκωλύθην,Aorist Passive of κωλύω,pp::aorist_passive,"Mastronarde AtticGreek Principal Parts (Incr,GrEn)::PPB::Unit 16"
παράξω,παράξω,Future of παράγω,pp::future,"Mastronarde AtticGreek Principal Parts (Incr,GrEn)::PPA::Unit 16"
παρήγαγον,παρήγαγον,Aorist of παράγω,pp::aorist,"Mastronarde AtticGreek Principal Parts (Incr,GrEn)::PPA::Unit 16"
παρῆχα,παρῆχα,Perfect of παράγω,pp::perfect,"Mastronarde AtticGreek Principal Parts (Incr,GrEn)::PPC::Unit 16"
παρῆγμαι,παρῆγμαι,Perfect Middle of παράγω,pp::perfect_middle,"Mastronarde AtticGreek Principal Parts (Incr,GrEn)::PPC::Unit 16"
παρήχθην,παρήχθην,Aorist Passive of παράγω,pp::aorist_passive,"Mastronarde AtticGreek Principal Parts (Incr,GrEn)::PPB::Unit 16"
παρέξω,παρέξω,Future #1 of παρέχω (same meaning),pp::future,"Mastronarde AtticGreek Principal Parts (Incr,GrEn)::PPA::Unit 16"
παρασχήσω,παρασχήσω,Future #2 of παρέχω (same meaning),pp::future,"Mastronarde AtticGreek Principal Parts (Incr,GrEn)::PPA::Unit 16"
παρέσχον,παρέσχον,Aorist of παρέχω,pp::aorist,"Mastronarde AtticGreek Principal Parts (Incr,GrEn)::PPA::Unit 16"
παρέσχηκα,παρέσχηκα,Perfect of παρέχω,pp::perfect,"Mastronarde AtticGreek Principal Parts (Incr,GrEn)::PPC::Unit 16"
τρέψω,τρέψω,Future of τρέπω,pp::future,"Mastronarde AtticGreek Principal Parts (Incr,GrEn)::PPA::Unit 16"
ἔτρεψα,ἔτρεψα,Aorist #1 of τρέπω (same meaning),pp::aorist,"Mastronarde AtticGreek Principal Parts (Incr,GrEn)::PPA::Unit 16"
ἔτραπον,ἔτραπον,Aorist #2 of τρέπω (same meaning),pp::aorist,"Mastronarde AtticGreek Principal Parts (Incr,GrEn)::PPA::Unit 16"
τέτροφα,τέτροφα,Perfect of τρέπω,pp::perfect,"Mastronarde AtticGreek Principal Parts (Incr,GrEn)::PPC::Unit 16"
τέτραμμαι,τέτραμμαι,Perfect Middle of τρέπω,pp::perfect_middle,"Mastronarde AtticGreek Principal Parts (Incr,GrEn)::PPC::Unit 16"
ἐτρέφθην,ἐτρέφθην,Aorist Passive #1 of τρέπω (same meaning),pp::aorist_passive,"Mastronarde AtticGreek Principal Parts (Incr,GrEn)::PPB::Unit 16"
ἐτράπην,ἐτράπην,Aorist Passive #2 of τρέπω (same meaning),pp::aorist_passive,"Mastronarde AtticGreek Principal Parts (Incr,GrEn)::PPB::Unit 16"
φυλάξω,φυλάξω,Future of φυλάττω,pp::future,"Mastronarde AtticGreek Principal Parts (Incr,GrEn)::PPA::Unit 16"
ἐφύλαξα,ἐφύλαξα,Aorist of φυλάττω,pp::aorist,"Mastronarde AtticGreek Principal Parts (Incr,GrEn)::PPA::Unit 16"
πεηύλαχα,πεηύλαχα,Perfect of φυλάττω,pp::perfect,"Mastronarde AtticGreek Principal Parts (Incr,GrEn)::PPC::Unit 16"
πεξύλαγμαι,πεξύλαγμαι,Perfect Middle of φυλάττω,pp::perfect_middle,"Mastronarde AtticGreek Principal Parts (Incr,GrEn)::PPC::Unit 16"
ἐφυλάχθην,ἐφυλάχθην,Aorist Passive of φυλάττω,pp::aorist_passive,"Mastronarde AtticGreek Principal Parts (Incr,GrEn)::PPB::Unit 16"
διοίσω,διοίσω,Future of διαφέρω,pp::future,"Mastronarde AtticGreek Principal Parts (Incr,GrEn)::PPA::Unit 17"
διήνεγκον,διήνεγκον,Aorist #1 of διαφέρω (same meaning),pp::aorist,"Mastronarde AtticGreek Principal Parts (Incr,GrEn)::PPA::Unit 17"
διήνεγκα,διήνεγκα,Aorist #2 of διαφέρω (same meaning),pp::aorist,"Mastronarde AtticGreek Principal Parts (Incr,GrEn)::PPA::Unit 17"
διενήνοχα,διενήνοχα,Perfect of διαφέρω,pp::perfect,"Mastronarde AtticGreek Principal Parts (Incr,GrEn)::PPC::Unit 17"
διενήνεγμαι,διενήνεγμαι,Perfect Middle of διαφέρω,pp::perfect_middle,"Mastronarde AtticGreek Principal Parts (Incr,GrEn)::PPC::Unit 17"
διηνέχθην,διηνέχθην,Aorist Passive of διαφέρω,pp::aorist_passive,"Mastronarde AtticGreek Principal Parts (Incr,GrEn)::PPB::Unit 17"
εὔξομαι,εὔξομαι,Future of εὔχομαι,pp::future,"Mastronarde AtticGreek Principal Parts (Incr,GrEn)::PPA::Unit 17"
ηὐξάμην,ηὐξάμην,Aorist of εὔχομαι,pp::aorist,"Mastronarde AtticGreek Principal Parts (Incr,GrEn)::PPA::Unit 17"
ηὖγμαι,ηὖγμαι,Perfect Middle of εὔχομαι,pp::perfect_middle,"Mastronarde AtticGreek Principal Parts (Incr,GrEn)::PPC::Unit 17"
κατηγορήσω,κατηγορήσω,Future of κατηγορέω,pp::future,"Mastronarde AtticGreek Principal Parts (Incr,GrEn)::PPA::Unit 17"
κατηγόρησα,κατηγόρησα,Aorist of κατηγορέω,pp::aorist,"Mastronarde AtticGreek Principal Parts (Incr,GrEn)::PPA::Unit 17"
κατηγόρκα,κατηγόρκα,Perfect of κατηγορέω,pp::perfect,"Mastronarde AtticGreek Principal Parts (Incr,GrEn)::PPC::Unit 17"
κατηγόρημαι,κατηγόρημαι,Perfect Middle of κατηγορέω,pp::perfect_middle,"Mastronarde AtticGreek Principal Parts (Incr,GrEn)::PPC::Unit 17"
κατηγορήθην,κατηγορήθην,Aorist Passive of κατηγορέω,pp::aorist_passive,"Mastronarde AtticGreek Principal Parts (Incr,GrEn)::PPB::Unit 17"
κρύψω,κρύψω,Future of κρύπτω,pp::future,"Mastronarde AtticGreek Principal Parts (Incr,GrEn)::PPA::Unit 17"
ἔκρυψα,ἔκρυψα,Aorist of κρύπτω,pp::aorist,"Mastronarde AtticGreek Principal Parts (Incr,GrEn)::PPA::Unit 17"
κέκρυμμαι,κέκρυμμαι,Perfect Middle of κρύπτω,pp::perfect_middle,"Mastronarde AtticGreek Principal Parts (Incr,GrEn)::PPC::Unit 17"
ἐκρύφθην,ἐκρύφθην,Aorist Passive of κρύπτω,pp::aorist_passive,"Mastronarde AtticGreek Principal Parts (Incr,GrEn)::PPB::Unit 17"
-πλήξω,-πλήξω,Future of -πλήττω,pp::future,"Mastronarde AtticGreek Principal Parts (Incr,GrEn)::PPA::Unit 17"
-έπληξα,-έπληξα,Aorist of -πλήττω,pp::aorist,"Mastronarde AtticGreek Principal Parts (Incr,GrEn)::PPA::Unit 17"
πέπληγα,πέπληγα,Perfect of -πλήττω,pp::perfect,"Mastronarde AtticGreek Principal Parts (Incr,GrEn)::PPC::Unit 17"
πέπληγμαι,πέπληγμαι,Perfect Middle of -πλήττω,pp::perfect_middle,"Mastronarde AtticGreek Principal Parts (Incr,GrEn)::PPC::Unit 17"
ἐπλήγην or -επλάγην,ἐπλήγην or -επλάγην,Aorist Passive of -πλήττω,pp::aorist_passive,"Mastronarde AtticGreek Principal Parts (Incr,GrEn)::PPB::Unit 17"
καλέω,καλέω,Future of καλέω,pp::future,"Mastronarde AtticGreek Principal Parts (Incr,GrEn)::PPA::Unit 18"
ἐκάλεσα,ἐκάλεσα,Aorist of καλέω,pp::aorist,"Mastronarde AtticGreek Principal Parts (Incr,GrEn)::PPA::Unit 18"
κέκληκα,κέκληκα,Perfect of ἐκάλεσα,pp::perfect,"Mastronarde AtticGreek Principal Parts (Incr,GrEn)::PPC::Unit 18"
κέκλημαι,κέκλημαι,Perfect Middle of ἐκάλεσα,pp::perfect_middle,"Mastronarde AtticGreek Principal Parts (Incr,GrEn)::PPC::Unit 18"
ἐκλήθην,ἐκλήθην,Aorist Passive of ἐκάλεσα,pp::aorist_passive,"Mastronarde AtticGreek Principal Parts (Incr,GrEn)::PPB::Unit 18"
μαθήσομαι,μαθήσομαι,Future of μανθάνω,pp::future,"Mastronarde AtticGreek Principal Parts (Incr,GrEn)::PPA::Unit 18"
ἔμαθον,ἔμαθον,Aorist of μανθάνω,pp::aorist,"Mastronarde AtticGreek Principal Parts (Incr,GrEn)::PPA::Unit 18"
μεμάθηκα,μεμάθηκα,Perfect of μανθάνω,pp::perfect,"Mastronarde AtticGreek Principal Parts (Incr,GrEn)::PPC::Unit 18"
μελλήσω,μελλήσω,Future of μέλλω,pp::future,"Mastronarde AtticGreek Principal Parts (Incr,GrEn)::PPA::Unit 18"
ἐμέλλησα,ἐμέλλησα,Aorist of μέλλω,pp::aorist,"Mastronarde AtticGreek Principal Parts (Incr,GrEn)::PPA::Unit 18"
νομιέω,νομιέω,Future of νομίζω,pp::future,"Mastronarde AtticGreek Principal Parts (Incr,GrEn)::PPA::Unit 18"
ἐνόμισα,ἐνόμισα,Aorist of νομίζω,pp::aorist,"Mastronarde AtticGreek Principal Parts (Incr,GrEn)::PPA::Unit 18"
νενόμικα,νενόμικα,Perfect of νομίζω,pp::perfect,"Mastronarde AtticGreek Principal Parts (Incr,GrEn)::PPC::Unit 18"
νενόμισμαι,νενόμισμαι,Perfect Middle of νομίζω,pp::perfect_middle,"Mastronarde AtticGreek Principal Parts (Incr,GrEn)::PPC::Unit 18"
ἐνομίσθην,ἐνομίσθην,Aorist Passive of νομίζω,pp::aorist_passive,"Mastronarde AtticGreek Principal Parts (Incr,GrEn)::PPB::Unit 18"
πεσέομαι,πεσέομαι,Future of πίπτω,pp::future,"Mastronarde AtticGreek Principal Parts (Incr,GrEn)::PPA::Unit 18"
ἔπεσον,ἔπεσον,Aorist of πίπτω,pp::aorist,"Mastronarde AtticGreek Principal Parts (Incr,GrEn)::PPA::Unit 18"
πέπτωκα,πέπτωκα,Perfect of πίπτω,pp::perfect,"Mastronarde AtticGreek Principal Parts (Incr,GrEn)::PPC::Unit 18"
ἀγγελέω,ἀγγελέω,Future of ἀγγέλλω,pp::future,"Mastronarde AtticGreek Principal Parts (Incr,GrEn)::PPA::Unit 19"
ἤγγειλα,ἤγγειλα,Aorist of ἀγγέλλω,pp::aorist,"Mastronarde AtticGreek Principal Parts (Incr,GrEn)::PPA::Unit 19"
ἤγγελκα,ἤγγελκα,Perfect of ἀγγέλλω,pp::perfect,"Mastronarde AtticGreek Principal Parts (Incr,GrEn)::PPC::Unit 19"
ἤγγελμαι,ἤγγελμαι,Perfect Middle of ἀγγέλλω,pp::perfect_middle,"Mastronarde AtticGreek Principal Parts (Incr,GrEn)::PPC::Unit 19"
ἠγγέλθην,ἠγγέλθην,Aorist Passive of ἀγγέλλω,pp::aorist_passive,"Mastronarde AtticGreek Principal Parts (Incr,GrEn)::PPB::Unit 19"
γνώσομαι,γνώσομαι,Future of γιγνώσκω,pp::future,"Mastronarde AtticGreek Principal Parts (Incr,GrEn)::PPA::Unit 19"
ἔγνων,ἔγνων,Aorist of γιγνώσκω,pp::aorist,"Mastronarde AtticGreek Principal Parts (Incr,GrEn)::PPA::Unit 19"
ἔγνωκα,ἔγνωκα,Perfect of γιγνώσκω,pp::perfect,"Mastronarde AtticGreek Principal Parts (Incr,GrEn)::PPC::Unit 19"
ἔγνωσμαι,ἔγνωσμαι,Perfect Middle of γιγνώσκω,pp::perfect_middle,"Mastronarde AtticGreek Principal Parts (Incr,GrEn)::PPC::Unit 19"
ἐγνώσθην,ἐγνώσθην,Aorist Passive of γιγνώσκω,pp::aorist_passive,"Mastronarde AtticGreek Principal Parts (Incr,GrEn)::PPB::Unit 19"
ὄψομαι,ὄψομαι,Future of ὁράω,pp::future,"Mastronarde AtticGreek Principal Parts (Incr,GrEn)::PPA::Unit 19"
εἶδον (stem ἰδ-),εἶδον (stem ἰδ-),Aorist of ὁράω,pp::aorist,"Mastronarde AtticGreek Principal Parts (Incr,GrEn)::PPA::Unit 19"
ἑώρακα,ἑώρακα,Perfect #1 of ὁράω (same meaning),pp::perfect,"Mastronarde AtticGreek Principal Parts (Incr,GrEn)::PPC::Unit 19"
ἑόρακα,ἑόρακα,Perfect #2 of ὁράω (same meaning),pp::perfect,"Mastronarde AtticGreek Principal Parts (Incr,GrEn)::PPC::Unit 19"
ἑώραμαι,ἑώραμαι,Perfect Middle #1 of ὁράω (same meaning),pp::perfect_middle,"Mastronarde AtticGreek Principal Parts (Incr,GrEn)::PPC::Unit 19"
ὦμμαι,ὦμμαι,Perfect Middle #2 of ὁράω (same meaning),pp::perfect_middle,"Mastronarde AtticGreek Principal Parts (Incr,GrEn)::PPC::Unit 19"
ὤφθην,ὤφθην,Aorist Passive of ὁράω,pp::aorist_passive,"Mastronarde AtticGreek Principal Parts (Incr,GrEn)::PPB::Unit 19"
ἐρέω,ἐρέω,Future of εἶπον (stem εἰπ-),pp::future,"Mastronarde AtticGreek Principal Parts (Incr,GrEn)::PPA::Unit 19"
εἶπον (stem εἰπ-),εἶπον (stem εἰπ-),Aorist of ἐρέω,pp::aorist,"Mastronarde AtticGreek Principal Parts (Incr,GrEn)::PPA::Unit 19"
εἴρηκα,εἴρηκα,Perfect of εἶπον (stem εἰπ-),pp::perfect,"Mastronarde AtticGreek Principal Parts (Incr,GrEn)::PPC::Unit 19"
εἴρημαι,εἴρημαι,Perfect Middle of εἶπον (stem εἰπ-),pp::perfect_middle,"Mastronarde AtticGreek Principal Parts (Incr,GrEn)::PPC::Unit 19"
ἐρρήθην,ἐρρήθην,Aorist Passive of εἶπον (stem εἰπ-),pp::aorist_passive,"Mastronarde AtticGreek Principal Parts (Incr,GrEn)::PPB::Unit 19"
ἐλπιέω,ἐλπιέω,Future of ἐλπίζω,pp::future,"Mastronarde AtticGreek Principal Parts (Incr,GrEn)::PPA::Unit 19"
ἤλπισα,ἤλπισα,Aorist of ἐλπίζω,pp::aorist,"Mastronarde AtticGreek Principal Parts (Incr,GrEn)::PPA::Unit 19"
ἠλπίσθην,ἠλπίσθην,Aorist Passive of ἐλπίζω,pp::aorist_passive,"Mastronarde AtticGreek Principal Parts (Incr,GrEn)::PPB::Unit 19"
φήσω,φήσω,Future of φημί,pp::future,"Mastronarde AtticGreek Principal Parts (Incr,GrEn)::PPA::Unit 20"
ἔφησα,ἔφησα,Aorist of φημί,pp::aorist,"Mastronarde AtticGreek Principal Parts (Incr,GrEn)::PPA::Unit 20"
῀,῀,Perfect of φημί,pp::perfect,"Mastronarde AtticGreek Principal Parts (Incr,GrEn)::PPC::Unit 20"
῀,῀,Perfect Middle of φημί,pp::perfect_middle,"Mastronarde AtticGreek Principal Parts (Incr,GrEn)::PPC::Unit 20"
῀,῀,Aorist Passive of φημί,pp::aorist_passive,"Mastronarde AtticGreek Principal Parts (Incr,GrEn)::PPB::Unit 20"
δώσω,δώσω,Future of δίδωμι,pp::future,"Mastronarde AtticGreek Principal Parts (Incr,GrEn)::PPA::Unit 23"
ἔδωκα,ἔδωκα,Aorist of δίδωμι,pp::aorist,"Mastronarde AtticGreek Principal Parts (Incr,GrEn)::PPA::Unit 23"
δέδωκα,δέδωκα,Perfect of δίδωμι,pp::perfect,"Mastronarde AtticGreek Principal Parts (Incr,GrEn)::PPC::Unit 23"
δέδομαι,δέδομαι,Perfect Middle of δίδωμι,pp::perfect_middle,"Mastronarde AtticGreek Principal Parts (Incr,GrEn)::PPC::Unit 23"
ἐδόθην,ἐδόθην,Aorist Passive of δίδωμι,pp::aorist_passive,"Mastronarde AtticGreek Principal Parts (Incr,GrEn)::PPB::Unit 23"
ἀποδώσω,ἀποδώσω,Future of ἀποδίδωμι,pp::future,"Mastronarde AtticGreek Principal Parts (Incr,GrEn)::PPA::Unit 23"
ἀπέδωκα,ἀπέδωκα,Aorist of ἀποδίδωμι,pp::aorist,"Mastronarde AtticGreek Principal Parts (Incr,GrEn)::PPA::Unit 23"
ἀποδέδωκα,ἀποδέδωκα,Perfect of ἀποδίδωμι,pp::perfect,"Mastronarde AtticGreek Principal Parts (Incr,GrEn)::PPC::Unit 23"
ἀποδέδομαι,ἀποδέδομαι,Perfect Middle of ἀποδίδωμι,pp::perfect_middle,"Mastronarde AtticGreek Principal Parts (Incr,GrEn)::PPC::Unit 23"
ἀπεδόθην,ἀπεδόθην,Aorist Passive of ἀποδίδωμι,pp::aorist_passive,"Mastronarde AtticGreek Principal Parts (Incr,GrEn)::PPB::Unit 23"
μεταδώσω,μεταδώσω,Future of μεταδίδωμι,pp::future,"Mastronarde AtticGreek Principal Parts (Incr,GrEn)::PPA::Unit 23"
μετέδωκα,μετέδωκα,Aorist of μεταδίδωμι,pp::aorist,"Mastronarde AtticGreek Principal Parts (Incr,GrEn)::PPA::Unit 23"
μεταδέδωκα,μεταδέδωκα,Perfect of μεταδίδωμι,pp::perfect,"Mastronarde AtticGreek Principal Parts (Incr,GrEn)::PPC::Unit 23"
μεταδέδομαι,μεταδέδομαι,Perfect Middle of μεταδίδωμι,pp::perfect_middle,"Mastronarde AtticGreek Principal Parts (Incr,GrEn)::PPC::Unit 23"
μετεδόθην,μετεδόθην,Aorist Passive of μεταδίδωμι,pp::aorist_passive,"Mastronarde AtticGreek Principal Parts (Incr,GrEn)::PPB::Unit 23"
παραδώσω,παραδώσω,Future of παραδίδωμι,pp::future,"Mastronarde AtticGreek Principal Parts (Incr,GrEn)::PPA::Unit 23"
παρέδωκα,παρέδωκα,Aorist of παραδίδωμι,pp::aorist,"Mastronarde AtticGreek Principal Parts (Incr,GrEn)::PPA::Unit 23"
παραδέδωκα,παραδέδωκα,Perfect of παραδίδωμι,pp::perfect,"Mastronarde AtticGreek Principal Parts (Incr,GrEn)::PPC::Unit 23"
παραδέδομαι,παραδέδομαι,Perfect Middle of παραδίδωμι,pp::perfect_middle,"Mastronarde AtticGreek Principal Parts (Incr,GrEn)::PPC::Unit 23"
παρεδόθην,παρεδόθην,Aorist Passive of παραδίδωμι,pp::aorist_passive,"Mastronarde AtticGreek Principal Parts (Incr,GrEn)::PPB::Unit 23"
προδώσω,προδώσω,Future of προδίδωμι,pp::future,"Mastronarde AtticGreek Principal Parts (Incr,GrEn)::PPA::Unit 23"
προέδωκα,προέδωκα,Aorist of προδίδωμι,pp::aorist,"Mastronarde AtticGreek Principal Parts (Incr,GrEn)::PPA::Unit 23"
προδέδωκα,προδέδωκα,Perfect of προδίδωμι,pp::perfect,"Mastronarde AtticGreek Principal Parts (Incr,GrEn)::PPC::Unit 23"
προδέδομαι,προδέδομαι,Perfect Middle of προδίδωμι,pp::perfect_middle,"Mastronarde AtticGreek Principal Parts (Incr,GrEn)::PPC::Unit 23"
προεδόθην,προεδόθην,Aorist Passive of προδίδωμι,pp::aorist_passive,"Mastronarde AtticGreek Principal Parts (Incr,GrEn)::PPB::Unit 23"
ἥσω,ἥσω,Future of ἵημι,pp::future,"Mastronarde AtticGreek Principal Parts (Incr,GrEn)::PPA::Unit 23"
-ἧκα,-ἧκα,Aorist of ἵημι,pp::aorist,"Mastronarde AtticGreek Principal Parts (Incr,GrEn)::PPA::Unit 23"
-εἷκα,-εἷκα,Perfect of ἵημι,pp::perfect,"Mastronarde AtticGreek Principal Parts (Incr,GrEn)::PPC::Unit 23"
-εἷμαι,-εἷμαι,Perfect Middle of ἵημι,pp::perfect_middle,"Mastronarde AtticGreek Principal Parts (Incr,GrEn)::PPC::Unit 23"
-εἷθην,-εἷθην,Aorist Passive of ἵημι,pp::aorist_passive,"Mastronarde AtticGreek Principal Parts (Incr,GrEn)::PPB::Unit 23"
ἀφήσω,ἀφήσω,Future of ἀφίημι,pp::future,"Mastronarde AtticGreek Principal Parts (Incr,GrEn)::PPA::Unit 23"
ἀφῆκα,ἀφῆκα,Aorist of ἀφίημι,pp::aorist,"Mastronarde AtticGreek Principal Parts (Incr,GrEn)::PPA::Unit 23"
ἀφεῖκα,ἀφεῖκα,Perfect of ἀφίημι,pp::perfect,"Mastronarde AtticGreek Principal Parts (Incr,GrEn)::PPC::Unit 23"
ἀφεῖμαι,ἀφεῖμαι,Perfect Middle of ἀφίημι,pp::perfect_middle,"Mastronarde AtticGreek Principal Parts (Incr,GrEn)::PPC::Unit 23"
ἀφείθην,ἀφείθην,Aorist Passive of ἀφίημι,pp::aorist_passive,"Mastronarde AtticGreek Principal Parts (Incr,GrEn)::PPB::Unit 23"
ἐφήσω,ἐφήσω,Future of ἐφίημι,pp::future,"Mastronarde AtticGreek Principal Parts (Incr,GrEn)::PPA::Unit 23"
ἐφῆκα,ἐφῆκα,Aorist of ἐφίημι,pp::aorist,"Mastronarde AtticGreek Principal Parts (Incr,GrEn)::PPA::Unit 23"
ἐφεῖκα,ἐφεῖκα,Perfect of ἐφίημι,pp::perfect,"Mastronarde AtticGreek Principal Parts (Incr,GrEn)::PPC::Unit 23"
ἐφεῖμαι,ἐφεῖμαι,Perfect Middle of ἐφίημι,pp::perfect_middle,"Mastronarde AtticGreek Principal Parts (Incr,GrEn)::PPC::Unit 23"
ἐφείθην,ἐφείθην,Aorist Passive of ἐφίημι,pp::aorist_passive,"Mastronarde AtticGreek Principal Parts (Incr,GrEn)::PPB::Unit 23"
προσήσω,προσήσω,Future of προσίημι,pp::future,"Mastronarde AtticGreek Principal Parts (Incr,GrEn)::PPA::Unit 23"
προσῆκα,προσῆκα,Aorist of προσίημι,pp::aorist,"Mastronarde AtticGreek Principal Parts (Incr,GrEn)::PPA::Unit 23"
προσεῖκα,προσεῖκα,Perfect of προσίημι,pp::perfect,"Mastronarde AtticGreek Principal Parts (Incr,GrEn)::PPC::Unit 23"
προσεῖμαι,προσεῖμαι,Perfect Middle of προσίημι,pp::perfect_middle,"Mastronarde AtticGreek Principal Parts (Incr,GrEn)::PPC::Unit 23"
προσείθην,προσείθην,Aorist Passive of προσίημι,pp::aorist_passive,"Mastronarde AtticGreek Principal Parts (Incr,GrEn)::PPB::Unit 23"
στήσω,στήσω,Future of ἵστημι,pp::future,"Mastronarde AtticGreek Principal Parts (Incr,GrEn)::PPA::Unit 23"
ἔστησα,ἔστησα,Aorist #1 of ἵστημι (diff. meaning),pp::aorist,"Mastronarde AtticGreek Principal Parts (Incr,GrEn)::PPA::Unit 23"
ἔστην,ἔστην,Aorist #2 of ἵστημι (diff. meaning),pp::aorist,"Mastronarde AtticGreek Principal Parts (Incr,GrEn)::PPA::Unit 23"
ἕστηκα,ἕστηκα,Perfect of ἵστημι,pp::perfect,"Mastronarde AtticGreek Principal Parts (Incr,GrEn)::PPC::Unit 23"
ἕσταμαι,ἕσταμαι,Perfect Middle of ἵστημι,pp::perfect_middle,"Mastronarde AtticGreek Principal Parts (Incr,GrEn)::PPC::Unit 23"
ἐστάθην,ἐστάθην,Aorist Passive of ἵστημι,pp::aorist_passive,"Mastronarde AtticGreek Principal Parts (Incr,GrEn)::PPB::Unit 23"
ἀποστήσω,ἀποστήσω,Future of ἀφίστημι,pp::future,"Mastronarde AtticGreek Principal Parts (Incr,GrEn)::PPA::Unit 23"
ἀπέστησα,ἀπέστησα,Aorist #1 of ἀφίστημι (diff. meaning),pp::aorist,"Mastronarde AtticGreek Principal Parts (Incr,GrEn)::PPA::Unit 23"
ἀπέστην,ἀπέστην,Aorist #2 of ἀφίστημι (diff. meaning),pp::aorist,"Mastronarde AtticGreek Principal Parts (Incr,GrEn)::PPA::Unit 23"
ἀφέστηκα,ἀφέστηκα,Perfect of ἀφίστημι,pp::perfect,"Mastronarde AtticGreek Principal Parts (Incr,GrEn)::PPC::Unit 23"
ἀφέσταμαι,ἀφέσταμαι,Perfect Middle of ἀφίστημι,pp::perfect_middle,"Mastronarde AtticGreek Principal Parts (Incr,GrEn)::PPC::Unit 23"
ἀπἐστάθην,ἀπἐστάθην,Aorist Passive of ἀφίστημι,pp::aorist_passive,"Mastronarde AtticGreek Principal Parts (Incr,GrEn)::PPB::Unit 23"
ἐπιστήσω,ἐπιστήσω,Future of ἐφίστημι,pp::future,"Mastronarde AtticGreek Principal Parts (Incr,GrEn)::PPA::Unit 23"
ἐπέστησα,ἐπέστησα,Aorist #1 of ἐφίστημι (diff. meaning),pp::aorist,"Mastronarde AtticGreek Principal Parts (Incr,GrEn)::PPA::Unit 23"
ἐπέστην,ἐπέστην,Aorist #2 of ἐφίστημι (diff. meaning),pp::aorist,"Mastronarde AtticGreek Principal Parts (Incr,GrEn)::PPA::Unit 23"
ἐφέστηκα,ἐφέστηκα,Perfect of ἐφίστημι,pp::perfect,"Mastronarde AtticGreek Principal Parts (Incr,GrEn)::PPC::Unit 23"
ἐφέσταμαι,ἐφέσταμαι,Perfect Middle of ἐφίστημι,pp::perfect_middle,"Mastronarde AtticGreek Principal Parts (Incr,GrEn)::PPC::Unit 23"
ἐπεστάθην,ἐπεστάθην,Aorist Passive of ἐφίστημι,pp::aorist_passive,"Mastronarde AtticGreek Principal Parts (Incr,GrEn)::PPB::Unit 23"
καταστήσω,καταστήσω,Future of καθίστημι,pp::future,"Mastronarde AtticGreek Principal Parts (Incr,GrEn)::PPA::Unit 23"
κατέστησα,κατέστησα,Aorist #1 of καθίστημι (diff. meaning),pp::aorist,"Mastronarde AtticGreek Principal Parts (Incr,GrEn)::PPA::Unit 23"
κατέστην,κατέστην,Aorist #2 of καθίστημι (diff. meaning),pp::aorist,"Mastronarde AtticGreek Principal Parts (Incr,GrEn)::PPA::Unit 23"
καθέστηκα,καθέστηκα,Perfect of καθίστημι,pp::perfect,"Mastronarde AtticGreek Principal Parts (Incr,GrEn)::PPC::Unit 23"
καθέσταμαι,καθέσταμαι,Perfect Middle of καθίστημι,pp::perfect_middle,"Mastronarde AtticGreek Principal Parts (Incr,GrEn)::PPC::Unit 23"
κατεστάθην,κατεστάθην,Aorist Passive of καθίστημι,pp::aorist_passive,"Mastronarde AtticGreek Principal Parts (Incr,GrEn)::PPB::Unit 23"
θήσω,θήσω,Future of τίθημι,pp::future,"Mastronarde AtticGreek Principal Parts (Incr,GrEn)::PPA::Unit 23"
ἔθηκα,ἔθηκα,Aorist of τίθημι,pp::aorist,"Mastronarde AtticGreek Principal Parts (Incr,GrEn)::PPA::Unit 23"
τέθηκα,τέθηκα,Perfect of τίθημι,pp::perfect,"Mastronarde AtticGreek Principal Parts (Incr,GrEn)::PPC::Unit 23"
τέθειμαι,τέθειμαι,Perfect Middle of τίθημι,pp::perfect_middle,"Mastronarde AtticGreek Principal Parts (Incr,GrEn)::PPC::Unit 23"
ἐτέθην,ἐτέθην,Aorist Passive of τίθημι,pp::aorist_passive,"Mastronarde AtticGreek Principal Parts (Incr,GrEn)::PPB::Unit 23"
ἀναθήσω,ἀναθήσω,Future of ἀνατίθημι,pp::future,"Mastronarde AtticGreek Principal Parts (Incr,GrEn)::PPA::Unit 23"
ἀνέθηκα,ἀνέθηκα,Aorist of ἀνατίθημι,pp::aorist,"Mastronarde AtticGreek Principal Parts (Incr,GrEn)::PPA::Unit 23"
ἀνατέθηκα,ἀνατέθηκα,Perfect of ἀνατίθημι,pp::perfect,"Mastronarde AtticGreek Principal Parts (Incr,GrEn)::PPC::Unit 23"
ἀνατέθειμαι,ἀνατέθειμαι,Perfect Middle of ἀνατίθημι,pp::perfect_middle,"Mastronarde AtticGreek Principal Parts (Incr,GrEn)::PPC::Unit 23"
ἀνετέθην,ἀνετέθην,Aorist Passive of ἀνατίθημι,pp::aorist_passive,"Mastronarde AtticGreek Principal Parts (Incr,GrEn)::PPB::Unit 23"
ἐπιθήσω,ἐπιθήσω,Future of ἐπιτίθημι,pp::future,"Mastronarde AtticGreek Principal Parts (Incr,GrEn)::PPA::Unit 23"
ἐπέθηκα,ἐπέθηκα,Aorist of ἐπιτίθημι,pp::aorist,"Mastronarde AtticGreek Principal Parts (Incr,GrEn)::PPA::Unit 23"
ἐπιτέθηκα,ἐπιτέθηκα,Perfect of ἐπιτίθημι,pp::perfect,"Mastronarde AtticGreek Principal Parts (Incr,GrEn)::PPC::Unit 23"
ἐπιτέθειμαι,ἐπιτέθειμαι,Perfect Middle of ἐπιτίθημι,pp::perfect_middle,"Mastronarde AtticGreek Principal Parts (Incr,GrEn)::PPC::Unit 23"
ἐπετέθην,ἐπετέθην,Aorist Passive of ἐπιτίθημι,pp::aorist_passive,"Mastronarde AtticGreek Principal Parts (Incr,GrEn)::PPB::Unit 23"
καταθήσω,καταθήσω,Future of κατατίθημι,pp::future,"Mastronarde AtticGreek Principal Parts (Incr,GrEn)::PPA::Unit 23"
κατέθηκα,κατέθηκα,Aorist of κατατίθημι,pp::aorist,"Mastronarde AtticGreek Principal Parts (Incr,GrEn)::PPA::Unit 23"
κατατέθηκα,κατατέθηκα,Perfect of κατατίθημι,pp::perfect,"Mastronarde AtticGreek Principal Parts (Incr,GrEn)::PPC::Unit 23"
κατατέθειμαι,κατατέθειμαι,Perfect Middle of κατατίθημι,pp::perfect_middle,"Mastronarde AtticGreek Principal Parts (Incr,GrEn)::PPC::Unit 23"
κατετέθην,κατετέθην,Aorist Passive of κατατίθημι,pp::aorist_passive,"Mastronarde AtticGreek Principal Parts (Incr,GrEn)::PPB::Unit 23"
συνθήσω,συνθήσω,Future of συντίθημι,pp::future,"Mastronarde AtticGreek Principal Parts (Incr,GrEn)::PPA::Unit 23"
συνέθηκα,συνέθηκα,Aorist of συντίθημι,pp::aorist,"Mastronarde AtticGreek Principal Parts (Incr,GrEn)::PPA::Unit 23"
συντέθηκα,συντέθηκα,Perfect of συντίθημι,pp::perfect,"Mastronarde AtticGreek Principal Parts (Incr,GrEn)::PPC::Unit 23"
συντέθειμαι,συντέθειμαι,Perfect Middle of συντίθημι,pp::perfect_middle,"Mastronarde AtticGreek Principal Parts (Incr,GrEn)::PPC::Unit 23"
συνετέθην,συνετέθην,Aorist Passive of συντίθημι,pp::aorist_passive,"Mastronarde AtticGreek Principal Parts (Incr,GrEn)::PPB::Unit 23"
δείξω,δείξω,Future of δείκνυμι,pp::future,"Mastronarde AtticGreek Principal Parts (Incr,GrEn)::PPA::Unit 23"
ἔδειξα,ἔδειξα,Aorist of δείκνυμι,pp::aorist,"Mastronarde AtticGreek Principal Parts (Incr,GrEn)::PPA::Unit 23"
δέδειχα,δέδειχα,Perfect of δείκνυμι,pp::perfect,"Mastronarde AtticGreek Principal Parts (Incr,GrEn)::PPC::Unit 23"
δέδειγμαι,δέδειγμαι,Perfect Middle of δείκνυμι,pp::perfect_middle,"Mastronarde AtticGreek Principal Parts (Incr,GrEn)::PPC::Unit 23"
ἐδείχθην,ἐδείχθην,Aorist Passive of δείκνυμι,pp::aorist_passive,"Mastronarde AtticGreek Principal Parts (Incr,GrEn)::PPB::Unit 23"
ἀποδείξω,ἀποδείξω,Future of ἀποδείκνυμι,pp::future,"Mastronarde AtticGreek Principal Parts (Incr,GrEn)::PPA::Unit 23"
ἀπέδειξα,ἀπέδειξα,Aorist of ἀποδείκνυμι,pp::aorist,"Mastronarde AtticGreek Principal Parts (Incr,GrEn)::PPA::Unit 23"
ἀποδέδειχα,ἀποδέδειχα,Perfect of ἀποδείκνυμι,pp::perfect,"Mastronarde AtticGreek Principal Parts (Incr,GrEn)::PPC::Unit 23"
ἀποδέδειγμαι,ἀποδέδειγμαι,Perfect Middle of ἀποδείκνυμι,pp::perfect_middle,"Mastronarde AtticGreek Principal Parts (Incr,GrEn)::PPC::Unit 23"
ἀπεδείχθην,ἀπεδείχθην,Aorist Passive of ἀποδείκνυμι,pp::aorist_passive,"Mastronarde AtticGreek Principal Parts (Incr,GrEn)::PPB::Unit 23"
ἐπιδείξω,ἐπιδείξω,Future of ἐπιδείκνυμι,pp::future,"Mastronarde AtticGreek Principal Parts (Incr,GrEn)::PPA::Unit 23"
ἐπέδειξα,ἐπέδειξα,Aorist of ἐπιδείκνυμι,pp::aorist,"Mastronarde AtticGreek Principal Parts (Incr,GrEn)::PPA::Unit 23"
ἐπιδέδειχα,ἐπιδέδειχα,Perfect of ἐπιδείκνυμι,pp::perfect,"Mastronarde AtticGreek Principal Parts (Incr,GrEn)::PPC::Unit 23"
ἐπιδέδειγμαι,ἐπιδέδειγμαι,Perfect Middle of ἐπιδείκνυμι,pp::perfect_middle,"Mastronarde AtticGreek Principal Parts (Incr,GrEn)::PPC::Unit 23"
ἐπεδείχθην,ἐπεδείχθην,Aorist Passive of ἐπιδείκνυμι,pp::aorist_passive,"Mastronarde AtticGreek Principal Parts (Incr,GrEn)::PPB::Unit 23"
ζεύξω,ζεύξω,Future of ζεύγνυμι,pp::future,"Mastronarde AtticGreek Principal Parts (Incr,GrEn)::PPA::Unit 23"
ἔζευξα,ἔζευξα,Aorist of ζεύγνυμι,pp::aorist,"Mastronarde AtticGreek Principal Parts (Incr,GrEn)::PPA::Unit 23"
῀,῀,Perfect of ζεύγνυμι,pp::perfect,"Mastronarde AtticGreek Principal Parts (Incr,GrEn)::PPC::Unit 23"
ἔζευγμαι,ἔζευγμαι,Perfect Middle of ζεύγνυμι,pp::perfect_middle,"Mastronarde AtticGreek Principal Parts (Incr,GrEn)::PPC::Unit 23"
ἐζύγην,ἐζύγην,Aorist Passive #1 of ζεύγνυμι (same meaning),pp::aorist_passive,"Mastronarde AtticGreek Principal Parts (Incr,GrEn)::PPB::Unit 23"
ἐζεύχθην,ἐζεύχθην,Aorist Passive #2 of ζεύγνυμι (same meaning),pp::aorist_passive,"Mastronarde AtticGreek Principal Parts (Incr,GrEn)::PPB::Unit 23"
ῥηξω,ῥηξω,Future of ῥήγνυμι,pp::future,"Mastronarde AtticGreek Principal Parts (Incr,GrEn)::PPA::Unit 23"
ἔρρηξα,ἔρρηξα,Aorist of ῥήγνυμι,pp::aorist,"Mastronarde AtticGreek Principal Parts (Incr,GrEn)::PPA::Unit 23"
-έρρωγα,-έρρωγα,Perfect of ῥήγνυμι,pp::perfect,"Mastronarde AtticGreek Principal Parts (Incr,GrEn)::PPC::Unit 23"
῀,῀,Perfect Middle of ῥήγνυμι,pp::perfect_middle,"Mastronarde AtticGreek Principal Parts (Incr,GrEn)::PPC::Unit 23"
ἐρράγην,ἐρράγην,Aorist Passive of ῥήγνυμι,pp::aorist_passive,"Mastronarde AtticGreek Principal Parts (Incr,GrEn)::PPB::Unit 23"
εἶμι,εἶμι,Future #1 of εἶμι or ἔρχομαι (same meaning),pp::future,"Mastronarde AtticGreek Principal Parts (Incr,GrEn)::PPA::Unit 23"
ἐλεύσομαι,ἐλεύσομαι,Future #2 of εἶμι or ἔρχομαι (same meaning),pp::future,"Mastronarde AtticGreek Principal Parts (Incr,GrEn)::PPA::Unit 23"
ἦλθον,ἦλθον,Aorist of εἶμι or ἔρχομαι,pp::aorist,"Mastronarde AtticGreek Principal Parts (Incr,GrEn)::PPA::Unit 23"
ἐλήλυθα,ἐλήλυθα,Perfect of εἶμι or ἔρχομαι,pp::perfect,"Mastronarde AtticGreek Principal Parts (Incr,GrEn)::PPC::Unit 23"
῀,῀,Perfect Middle of εἶμι or ἔρχομαι,pp::perfect_middle,"Mastronarde AtticGreek Principal Parts (Incr,GrEn)::PPC::Unit 23"
῀,῀,Aorist Passive of εἶμι or ἔρχομαι,pp::aorist_passive,"Mastronarde AtticGreek Principal Parts (Incr,GrEn)::PPB::Unit 23"
ἄπειμι,ἄπειμι,Future #1 of ἄπειμι or ἀπέρχομαι (same meaning),pp::future,"Mastronarde AtticGreek Principal Parts (Incr,GrEn)::PPA::Unit 23"
ἀπελεύσομαι,ἀπελεύσομαι,Future #2 of ἄπειμι or ἀπέρχομαι (same meaning),pp::future,"Mastronarde AtticGreek Principal Parts (Incr,GrEn)::PPA::Unit 23"
ἀπῆλθον,ἀπῆλθον,Aorist of ἄπειμι or ἀπέρχομαι,pp::aorist,"Mastronarde AtticGreek Principal Parts (Incr,GrEn)::PPA::Unit 23"
ἀπελήλυθα,ἀπελήλυθα,Perfect of ἄπειμι or ἀπέρχομαι,pp::perfect,"Mastronarde AtticGreek Principal Parts (Incr,GrEn)::PPC::Unit 23"
῀,῀,Perfect Middle of ἄπειμι or ἀπέρχομαι,pp::perfect_middle,"Mastronarde AtticGreek Principal Parts (Incr,GrEn)::PPC::Unit 23"
῀,῀,Aorist Passive of ἄπειμι or ἀπέρχομαι,pp::aorist_passive,"Mastronarde AtticGreek Principal Parts (Incr,GrEn)::PPB::Unit 23"
ἔξειμι,ἔξειμι,Future #1 of ἔξειμι or ἐξέρχομαι (same meaning),pp::future,"Mastronarde AtticGreek Principal Parts (Incr,GrEn)::PPA::Unit 23"
ἐξελεύσομαι,ἐξελεύσομαι,Future #2 of ἔξειμι or ἐξέρχομαι (same meaning),pp::future,"Mastronarde AtticGreek Principal Parts (Incr,GrEn)::PPA::Unit 23"
ἐξῆλθον,ἐξῆλθον,Aorist of ἔξειμι or ἐξέρχομαι,pp::aorist,"Mastronarde AtticGreek Principal Parts (Incr,GrEn)::PPA::Unit 23"
ἐξελήλυθα,ἐξελήλυθα,Perfect of ἔξειμι or ἐξέρχομαι,pp::perfect,"Mastronarde AtticGreek Principal Parts (Incr,GrEn)::PPC::Unit 23"
῀,῀,Perfect Middle of ἔξειμι or ἐξέρχομαι,pp::perfect_middle,"Mastronarde AtticGreek Principal Parts (Incr,GrEn)::PPC::Unit 23"
῀,῀,Aorist Passive of ἔξειμι or ἐξέρχομαι,pp::aorist_passive,"Mastronarde AtticGreek Principal Parts (Incr,GrEn)::PPB::Unit 23"
ἁλώσομαι,ἁλώσομαι,Future of ἁλίσκομαι,pp::future,"Mastronarde AtticGreek Principal Parts (Incr,GrEn)::PPA::Unit 24"
ἑάλων,ἑάλων,Aorist #1 of ἁλίσκομαι (same meaning),pp::aorist,"Mastronarde AtticGreek Principal Parts (Incr,GrEn)::PPA::Unit 24"
ἥλων,ἥλων,Aorist #2 of ἁλίσκομαι (same meaning),pp::aorist,"Mastronarde AtticGreek Principal Parts (Incr,GrEn)::PPA::Unit 24"
ἑάλωκα,ἑάλωκα,Perfect #1 of ἁλίσκομαι (same meaning),pp::perfect,"Mastronarde AtticGreek Principal Parts (Incr,GrEn)::PPC::Unit 24"
ἥλωκα,ἥλωκα,Perfect #2 of ἁλίσκομαι (same meaning),pp::perfect,"Mastronarde AtticGreek Principal Parts (Incr,GrEn)::PPC::Unit 24"
-βήσομαι,-βήσομαι,Future of βαίνω,pp::future,"Mastronarde AtticGreek Principal Parts (Incr,GrEn)::PPA::Unit 24"
-ἔβην,-ἔβην,Aorist of βαίνω,pp::aorist,"Mastronarde AtticGreek Principal Parts (Incr,GrEn)::PPA::Unit 24"
βέβηκα,βέβηκα,Perfect of βαίνω,pp::perfect,"Mastronarde AtticGreek Principal Parts (Incr,GrEn)::PPC::Unit 24"
-βέβαμαι,-βέβαμαι,Perfect Middle of βαίνω,pp::perfect_middle,"Mastronarde AtticGreek Principal Parts (Incr,GrEn)::PPC::Unit 24"
-εβάθην,-εβάθην,Aorist Passive of βαίνω,pp::aorist_passive,"Mastronarde AtticGreek Principal Parts (Incr,GrEn)::PPB::Unit 24"
ἀναβήσομαι,ἀναβήσομαι,Future of ἀναβαίνω,pp::future,"Mastronarde AtticGreek Principal Parts (Incr,GrEn)::PPA::Unit 24"
ἀνέβην,ἀνέβην,Aorist of ἀναβαίνω,pp::aorist,"Mastronarde AtticGreek Principal Parts (Incr,GrEn)::PPA::Unit 24"
ἀναβέβηκα,ἀναβέβηκα,Perfect of ἀναβαίνω,pp::perfect,"Mastronarde AtticGreek Principal Parts (Incr,GrEn)::PPC::Unit 24"
ἀναβέβαμαι,ἀναβέβαμαι,Perfect Middle of ἀναβαίνω,pp::perfect_middle,"Mastronarde AtticGreek Principal Parts (Incr,GrEn)::PPC::Unit 24"
ἀνεβάθην,ἀνεβάθην,Aorist Passive of ἀναβαίνω,pp::aorist_passive,"Mastronarde AtticGreek Principal Parts (Incr,GrEn)::PPB::Unit 24"
διαβήσομαι,διαβήσομαι,Future of διαβαίνω,pp::future,"Mastronarde AtticGreek Principal Parts (Incr,GrEn)::PPA::Unit 24"
διέβην,διέβην,Aorist of διαβαίνω,pp::aorist,"Mastronarde AtticGreek Principal Parts (Incr,GrEn)::PPA::Unit 24"
διαβέβηκα,διαβέβηκα,Perfect of διαβαίνω,pp::perfect,"Mastronarde AtticGreek Principal Parts (Incr,GrEn)::PPC::Unit 24"
διαβέβαμαι,διαβέβαμαι,Perfect Middle of διαβαίνω,pp::perfect_middle,"Mastronarde AtticGreek Principal Parts (Incr,GrEn)::PPC::Unit 24"
διεβάθην,διεβάθην,Aorist Passive of διαβαίνω,pp::aorist_passive,"Mastronarde AtticGreek Principal Parts (Incr,GrEn)::PPB::Unit 24"
καταβήσομαι,καταβήσομαι,Future of καταβαίνω,pp::future,"Mastronarde AtticGreek Principal Parts (Incr,GrEn)::PPA::Unit 24"
καταέβην,καταέβην,Aorist of καταβαίνω,pp::aorist,"Mastronarde AtticGreek Principal Parts (Incr,GrEn)::PPA::Unit 24"
καταβέβηκα,καταβέβηκα,Perfect of καταβαίνω,pp::perfect,"Mastronarde AtticGreek Principal Parts (Incr,GrEn)::PPC::Unit 24"
παραβήσομαι,παραβήσομαι,Future of παραβαίνω,pp::future,"Mastronarde AtticGreek Principal Parts (Incr,GrEn)::PPA::Unit 24"
παρέβην,παρέβην,Aorist of παραβαίνω,pp::aorist,"Mastronarde AtticGreek Principal Parts (Incr,GrEn)::PPA::Unit 24"
παραβέβηκα,παραβέβηκα,Perfect of παραβαίνω,pp::perfect,"Mastronarde AtticGreek Principal Parts (Incr,GrEn)::PPC::Unit 24"
παραβέβαμαι,παραβέβαμαι,Perfect Middle of παραβαίνω,pp::perfect_middle,"Mastronarde AtticGreek Principal Parts (Incr,GrEn)::PPC::Unit 24"
παρεβάθην,παρεβάθην,Aorist Passive of παραβαίνω,pp::aorist_passive,"Mastronarde AtticGreek Principal Parts (Incr,GrEn)::PPB::Unit 24"
συμβήσομαι,συμβήσομαι,Future of συμβαίνω,pp::future,"Mastronarde AtticGreek Principal Parts (Incr,GrEn)::PPA::Unit 24"
συνέβην,συνέβην,Aorist of συμβαίνω,pp::aorist,"Mastronarde AtticGreek Principal Parts (Incr,GrEn)::PPA::Unit 24"
συμβέβηκα,συμβέβηκα,Perfect of συμβαίνω,pp::perfect,"Mastronarde AtticGreek Principal Parts (Incr,GrEn)::PPC::Unit 24"
συμβέβαμαι,συμβέβαμαι,Perfect Middle of συμβαίνω,pp::perfect_middle,"Mastronarde AtticGreek Principal Parts (Incr,GrEn)::PPC::Unit 24"
συνεβάθην,συνεβάθην,Aorist Passive of συμβαίνω,pp::aorist_passive,"Mastronarde AtticGreek Principal Parts (Incr,GrEn)::PPB::Unit 24"
ἀναγνώσομαι,ἀναγνώσομαι,Future of ἀναγιγνώσκω,pp::future,"Mastronarde AtticGreek Principal Parts (Incr,GrEn)::PPA::Unit 24"
ἀνέγνων,ἀνέγνων,Aorist of ἀναγιγνώσκω,pp::aorist,"Mastronarde AtticGreek Principal Parts (Incr,GrEn)::PPA::Unit 24"
ἀνέγνωκα,ἀνέγνωκα,Perfect of ἀναγιγνώσκω,pp::perfect,"Mastronarde AtticGreek Principal Parts (Incr,GrEn)::PPC::Unit 24"
ἀνέγνωσμαι,ἀνέγνωσμαι,Perfect Middle of ἀναγιγνώσκω,pp::perfect_middle,"Mastronarde AtticGreek Principal Parts (Incr,GrEn)::PPC::Unit 24"
ἀνεγνώσθην,ἀνεγνώσθην,Aorist Passive of ἀναγιγνώσκω,pp::aorist_passive,"Mastronarde AtticGreek Principal Parts (Incr,GrEn)::PPB::Unit 24"
διαγνώσομαι,διαγνώσομαι,Future of διαγιγνώσκω,pp::future,"Mastronarde AtticGreek Principal Parts (Incr,GrEn)::PPA::Unit 24"
διέγνων,διέγνων,Aorist of διαγιγνώσκω,pp::aorist,"Mastronarde AtticGreek Principal Parts (Incr,GrEn)::PPA::Unit 24"
διέγνωκα,διέγνωκα,Perfect of διαγιγνώσκω,pp::perfect,"Mastronarde AtticGreek Principal Parts (Incr,GrEn)::PPC::Unit 24"
διέγνωσμαι,διέγνωσμαι,Perfect Middle of διαγιγνώσκω,pp::perfect_middle,"Mastronarde AtticGreek Principal Parts (Incr,GrEn)::PPC::Unit 24"
διεγνώσθην,διεγνώσθην,Aorist Passive of διαγιγνώσκω,pp::aorist_passive,"Mastronarde AtticGreek Principal Parts (Incr,GrEn)::PPB::Unit 24"
-δύσω,-δύσω,Future of δύω or δύνω,pp::future,"Mastronarde AtticGreek Principal Parts (Incr,GrEn)::PPA::Unit 24"
έδυσα,έδυσα,Aorist #1 of δύω or δύνω (diff. meaning),pp::aorist,"Mastronarde AtticGreek Principal Parts (Incr,GrEn)::PPA::Unit 24"
ἔδυν,ἔδυν,Aorist #2 of δύω or δύνω (diff. meaning),pp::aorist,"Mastronarde AtticGreek Principal Parts (Incr,GrEn)::PPA::Unit 24"
-δέδυκα,-δέδυκα,Perfect of δύω or δύνω,pp::perfect,"Mastronarde AtticGreek Principal Parts (Incr,GrEn)::PPC::Unit 24"
-δέδυμαι,-δέδυμαι,Perfect Middle of δύω or δύνω,pp::perfect_middle,"Mastronarde AtticGreek Principal Parts (Incr,GrEn)::PPC::Unit 24"
-εδύθην,-εδύθην,Aorist Passive of δύω or δύνω,pp::aorist_passive,"Mastronarde AtticGreek Principal Parts (Incr,GrEn)::PPB::Unit 24"
ἀποδύσω,ἀποδύσω,Future of ἀποδύω,pp::future,"Mastronarde AtticGreek Principal Parts (Incr,GrEn)::PPA::Unit 24"
ἀπέδυσα,ἀπέδυσα,Aorist #1 of ἀποδύω (diff. meaning),pp::aorist,"Mastronarde AtticGreek Principal Parts (Incr,GrEn)::PPA::Unit 24"
ἀπέδυν,ἀπέδυν,Aorist #2 of ἀποδύω (diff. meaning),pp::aorist,"Mastronarde AtticGreek Principal Parts (Incr,GrEn)::PPA::Unit 24"
ἀποδέδυκα,ἀποδέδυκα,Perfect of ἀποδύω,pp::perfect,"Mastronarde AtticGreek Principal Parts (Incr,GrEn)::PPC::Unit 24"
καταδύσω,καταδύσω,Future of καταδύω,pp::future,"Mastronarde AtticGreek Principal Parts (Incr,GrEn)::PPA::Unit 24"
κατέδυσα,κατέδυσα,Aorist #1 of καταδύω (diff. meaning),pp::aorist,"Mastronarde AtticGreek Principal Parts (Incr,GrEn)::PPA::Unit 24"
κατέδυν,κατέδυν,Aorist #2 of καταδύω (diff. meaning),pp::aorist,"Mastronarde AtticGreek Principal Parts (Incr,GrEn)::PPA::Unit 24"
καταδέδυκα,καταδέδυκα,Perfect of καταδύω,pp::perfect,"Mastronarde AtticGreek Principal Parts (Incr,GrEn)::PPC::Unit 24"
διαδώσω,διαδώσω,Future of διαδίδωμι,pp::future,"Mastronarde AtticGreek Principal Parts (Incr,GrEn)::PPA::Unit 25"
διέδωκα,διέδωκα,Aorist of διαδίδωμι,pp::aorist,"Mastronarde AtticGreek Principal Parts (Incr,GrEn)::PPA::Unit 25"
διαδέδωκα,διαδέδωκα,Perfect of διαδίδωμι,pp::perfect,"Mastronarde AtticGreek Principal Parts (Incr,GrEn)::PPC::Unit 25"
διαδέδομαι,διαδέδομαι,Perfect Middle of διαδίδωμι,pp::perfect_middle,"Mastronarde AtticGreek Principal Parts (Incr,GrEn)::PPC::Unit 25"
διεδόθην,διεδόθην,Aorist Passive of διαδίδωμι,pp::aorist_passive,"Mastronarde AtticGreek Principal Parts (Incr,GrEn)::PPB::Unit 25"
δυνήσομαι,δυνήσομαι,Future of δύναμαι,pp::future,"Mastronarde AtticGreek Principal Parts (Incr,GrEn)::PPA::Unit 25"
δεδύνημαι,δεδύνημαι,Perfect Middle of δύναμαι,pp::perfect_middle,"Mastronarde AtticGreek Principal Parts (Incr,GrEn)::PPC::Unit 25"
ἐδυνήθην,ἐδυνήθην,Aorist Passive of δύναμαι,pp::aorist_passive,"Mastronarde AtticGreek Principal Parts (Incr,GrEn)::PPB::Unit 25"
ἁρπάσομαι,ἁρπάσομαι,Future of ἁρπάζω,pp::future,"Mastronarde AtticGreek Principal Parts (Incr,GrEn)::PPA::Unit 26"
ἥρπασα,ἥρπασα,Aorist of ἁρπάζω,pp::aorist,"Mastronarde AtticGreek Principal Parts (Incr,GrEn)::PPA::Unit 26"
ἥρπακα,ἥρπακα,Perfect of ἁρπάζω,pp::perfect,"Mastronarde AtticGreek Principal Parts (Incr,GrEn)::PPC::Unit 26"
ἥρπασμαι,ἥρπασμαι,Perfect Middle of ἁρπάζω,pp::perfect_middle,"Mastronarde AtticGreek Principal Parts (Incr,GrEn)::PPC::Unit 26"
ἡρπάσθην,ἡρπάσθην,Aorist Passive of ἁρπάζω,pp::aorist_passive,"Mastronarde AtticGreek Principal Parts (Incr,GrEn)::PPB::Unit 26"
ἔδομαι,ἔδομαι,Future of ἐσθίω,pp::future,"Mastronarde AtticGreek Principal Parts (Incr,GrEn)::PPA::Unit 26"
ἔφαγον,ἔφαγον,Aorist of ἐσθίω,pp::aorist,"Mastronarde AtticGreek Principal Parts (Incr,GrEn)::PPA::Unit 26"
ἐδήδοκα,ἐδήδοκα,Perfect of ἐσθίω,pp::perfect,"Mastronarde AtticGreek Principal Parts (Incr,GrEn)::PPC::Unit 26"
-εδήδεσμαι,-εδήδεσμαι,Perfect Middle of ἐσθίω,pp::perfect_middle,"Mastronarde AtticGreek Principal Parts (Incr,GrEn)::PPC::Unit 26"
ἠδέσθην,ἠδέσθην,Aorist Passive of ἐσθίω,pp::aorist_passive,"Mastronarde AtticGreek Principal Parts (Incr,GrEn)::PPB::Unit 26"
καύσω,καύσω,Future of καίω or κάω,pp::future,"Mastronarde AtticGreek Principal Parts (Incr,GrEn)::PPA::Unit 26"
ἔκαυσα,ἔκαυσα,Aorist of καίω or κάω,pp::aorist,"Mastronarde AtticGreek Principal Parts (Incr,GrEn)::PPA::Unit 26"
-κέκαυκα,-κέκαυκα,Perfect of καίω or κάω,pp::perfect,"Mastronarde AtticGreek Principal Parts (Incr,GrEn)::PPC::Unit 26"
κέκαυμαι,κέκαυμαι,Perfect Middle of καίω or κάω,pp::perfect_middle,"Mastronarde AtticGreek Principal Parts (Incr,GrEn)::PPC::Unit 26"
ἐκαύθην,ἐκαύθην,Aorist Passive of καίω or κάω,pp::aorist_passive,"Mastronarde AtticGreek Principal Parts (Incr,GrEn)::PPB::Unit 26"
κρινέω,κρινέω,Future of κρίνω,pp::future,"Mastronarde AtticGreek Principal Parts (Incr,GrEn)::PPA::Unit 26"
ἔκρινα,ἔκρινα,Aorist of κρίνω,pp::aorist,"Mastronarde AtticGreek Principal Parts (Incr,GrEn)::PPA::Unit 26"
κέκρικα,κέκρικα,Perfect of κρίνω,pp::perfect,"Mastronarde AtticGreek Principal Parts (Incr,GrEn)::PPC::Unit 26"
κέκριμαι,κέκριμαι,Perfect Middle of κρίνω,pp::perfect_middle,"Mastronarde AtticGreek Principal Parts (Incr,GrEn)::PPC::Unit 26"
ἐκρίθην,ἐκρίθην,Aorist Passive of κρίνω,pp::aorist_passive,"Mastronarde AtticGreek Principal Parts (Incr,GrEn)::PPB::Unit 26"
πίομαι,πίομαι,Future #1 of πίνω (same meaning),pp::future,"Mastronarde AtticGreek Principal Parts (Incr,GrEn)::PPA::Unit 26"
πιέομαι,πιέομαι,Future #2 of πίνω (same meaning),pp::future,"Mastronarde AtticGreek Principal Parts (Incr,GrEn)::PPA::Unit 26"
ἔπιον,ἔπιον,Aorist of πίνω,pp::aorist,"Mastronarde AtticGreek Principal Parts (Incr,GrEn)::PPA::Unit 26"
πέπωκα,πέπωκα,Perfect of πίνω,pp::perfect,"Mastronarde AtticGreek Principal Parts (Incr,GrEn)::PPC::Unit 26"
-πέπομαι,-πέπομαι,Perfect Middle of πίνω,pp::perfect_middle,"Mastronarde AtticGreek Principal Parts (Incr,GrEn)::PPC::Unit 26"
-επόθην,-επόθην,Aorist Passive of πίνω,pp::aorist_passive,"Mastronarde AtticGreek Principal Parts (Incr,GrEn)::PPB::Unit 26"
στρέψω,στρέψω,Future of στρέφω,pp::future,"Mastronarde AtticGreek Principal Parts (Incr,GrEn)::PPA::Unit 26"
ἔστρεψα,ἔστρεψα,Aorist of στρέφω,pp::aorist,"Mastronarde AtticGreek Principal Parts (Incr,GrEn)::PPA::Unit 26"
ἔστραμμαι,ἔστραμμαι,Perfect Middle of στρέφω,pp::perfect_middle,"Mastronarde AtticGreek Principal Parts (Incr,GrEn)::PPC::Unit 26"
ἐστρέφθην,ἐστρέφθην,Aorist Passive #1 of στρέφω (same meaning),pp::aorist_passive,"Mastronarde AtticGreek Principal Parts (Incr,GrEn)::PPB::Unit 26"
ἐστράφην,ἐστράφην,Aorist Passive #2 of στρέφω (same meaning),pp::aorist_passive,"Mastronarde AtticGreek Principal Parts (Incr,GrEn)::PPB::Unit 26"
τεμέω,τεμέω,Future of τέμνω,pp::future,"Mastronarde AtticGreek Principal Parts (Incr,GrEn)::PPA::Unit 26"
ἔτεμον (ἔταμον),ἔτεμον (ἔταμον),Aorist of τέμνω,pp::aorist,"Mastronarde AtticGreek Principal Parts (Incr,GrEn)::PPA::Unit 26"
-τέτμηκα,-τέτμηκα,Perfect of τέμνω,pp::perfect,"Mastronarde AtticGreek Principal Parts (Incr,GrEn)::PPC::Unit 26"
τέτμημαι,τέτμημαι,Perfect Middle of τέμνω,pp::perfect_middle,"Mastronarde AtticGreek Principal Parts (Incr,GrEn)::PPC::Unit 26"
ἐτμήθην,ἐτμήθην,Aorist Passive of τέμνω,pp::aorist_passive,"Mastronarde AtticGreek Principal Parts (Incr,GrEn)::PPB::Unit 26"
θρέψω,θρέψω,Future of τρέφω,pp::future,"Mastronarde AtticGreek Principal Parts (Incr,GrEn)::PPA::Unit 26"
ἔθρεψα,ἔθρεψα,Aorist of τρέφω,pp::aorist,"Mastronarde AtticGreek Principal Parts (Incr,GrEn)::PPA::Unit 26"
τέτροφα,τέτροφα,Perfect of τρέφω,pp::perfect,"Mastronarde AtticGreek Principal Parts (Incr,GrEn)::PPC::Unit 26"
τέθραμμαι,τέθραμμαι,Perfect Middle of τρέφω,pp::perfect_middle,"Mastronarde AtticGreek Principal Parts (Incr,GrEn)::PPC::Unit 26"
ἐτράφην (ἐτρέφθην),ἐτράφην (ἐτρέφθην),Aorist Passive of τρέφω,pp::aorist_passive,"Mastronarde AtticGreek Principal Parts (Incr,GrEn)::PPB::Unit 26"
ὑποσχήσομαι,ὑποσχήσομαι,Future of ὑπισχνέομαι,pp::future,"Mastronarde AtticGreek Principal Parts (Incr,GrEn)::PPA::Unit 26"
ὑπεσχόμην,ὑπεσχόμην,Aorist of ὑπισχνέομαι,pp::aorist,"Mastronarde AtticGreek Principal Parts (Incr,GrEn)::PPA::Unit 26"
ὑπέσχημαι,ὑπέσχημαι,Perfect Middle of ὑπισχνέομαι,pp::perfect_middle,"Mastronarde AtticGreek Principal Parts (Incr,GrEn)::PPC::Unit 26"
ἀναιρήσω,ἀναιρήσω,Future of ἀναιρέω,pp::future,"Mastronarde AtticGreek Principal Parts (Incr,GrEn)::PPA::Unit 27"
ἀνεῖλον (stem ἀνελ-),ἀνεῖλον (stem ἀνελ-),Aorist of ἀναιρέω,pp::aorist,"Mastronarde AtticGreek Principal Parts (Incr,GrEn)::PPA::Unit 27"
ἀνῄρηκα,ἀνῄρηκα,Perfect of ἀναιρέω,pp::perfect,"Mastronarde AtticGreek Principal Parts (Incr,GrEn)::PPC::Unit 27"
ἀνῄρημαι,ἀνῄρημαι,Perfect Middle of ἀναιρέω,pp::perfect_middle,"Mastronarde AtticGreek Principal Parts (Incr,GrEn)::PPC::Unit 27"
ἁνῃρέθην,ἁνῃρέθην,Aorist Passive of ἀναιρέω,pp::aorist_passive,"Mastronarde AtticGreek Principal Parts (Incr,GrEn)::PPB::Unit 27"
ἀπέσομαι,ἀπέσομαι,Future of ἄπειμι,pp::future,"Mastronarde AtticGreek Principal Parts (Incr,GrEn)::PPA::Unit 27"
διώξομαι or (rare) διώξω,διώξομαι or (rare) διώξω,Future of διώκω,pp::future,"Mastronarde AtticGreek Principal Parts (Incr,GrEn)::PPA::Unit 27"
ἐδίωξα,ἐδίωξα,Aorist of διώκω,pp::aorist,"Mastronarde AtticGreek Principal Parts (Incr,GrEn)::PPA::Unit 27"
δεδίωχα,δεδίωχα,Perfect of διώκω,pp::perfect,"Mastronarde AtticGreek Principal Parts (Incr,GrEn)::PPC::Unit 27"
ἐδιώχθην,ἐδιώχθην,Aorist Passive of διώκω,pp::aorist_passive,"Mastronarde AtticGreek Principal Parts (Incr,GrEn)::PPB::Unit 27"
ἐξαιτήσω,ἐξαιτήσω,Future of ἐξαιτέω,pp::future,"Mastronarde AtticGreek Principal Parts (Incr,GrEn)::PPA::Unit 27"
ἐξῄτησα,ἐξῄτησα,Aorist of ἐξαιτέω,pp::aorist,"Mastronarde AtticGreek Principal Parts (Incr,GrEn)::PPA::Unit 27"
ἐξῄτηκα,ἐξῄτηκα,Perfect of ἐξαιτέω,pp::perfect,"Mastronarde AtticGreek Principal Parts (Incr,GrEn)::PPC::Unit 27"
ἐξῄτημαι,ἐξῄτημαι,Perfect Middle of ἐξαιτέω,pp::perfect_middle,"Mastronarde AtticGreek Principal Parts (Incr,GrEn)::PPC::Unit 27"
ἐξῃτήθην,ἐξῃτήθην,Aorist Passive of ἐξαιτέω,pp::aorist_passive,"Mastronarde AtticGreek Principal Parts (Incr,GrEn)::PPB::Unit 27"
μεθέξω,μεθέξω,Future #1 of μετέχω (same meaning),pp::future,"Mastronarde AtticGreek Principal Parts (Incr,GrEn)::PPA::Unit 27"
μετασχήσω,μετασχήσω,Future #2 of μετέχω (same meaning),pp::future,"Mastronarde AtticGreek Principal Parts (Incr,GrEn)::PPA::Unit 27"
μετέσχον,μετέσχον,Aorist of μετέχω,pp::aorist,"Mastronarde AtticGreek Principal Parts (Incr,GrEn)::PPA::Unit 27"
μετέσχηκα,μετέσχηκα,Perfect of μετέχω,pp::perfect,"Mastronarde AtticGreek Principal Parts (Incr,GrEn)::PPC::Unit 27"
ὀρχήσομαι,ὀρχήσομαι,Future of ὀρχέομαι,pp::future,"Mastronarde AtticGreek Principal Parts (Incr,GrEn)::PPA::Unit 27"
ὠρχησάμην,ὠρχησάμην,Aorist of ὀρχέομαι,pp::aorist,"Mastronarde AtticGreek Principal Parts (Incr,GrEn)::PPA::Unit 27"
μαρέσομαι,μαρέσομαι,Future of πάρειμι,pp::future,"Mastronarde AtticGreek Principal Parts (Incr,GrEn)::PPA::Unit 27"
πολεμήσω,πολεμήσω,Future of πολεμέω,pp::future,"Mastronarde AtticGreek Principal Parts (Incr,GrEn)::PPA::Unit 27"
ἐπολέμησα,ἐπολέμησα,Aorist of πολεμέω,pp::aorist,"Mastronarde AtticGreek Principal Parts (Incr,GrEn)::PPA::Unit 27"
πεπολέμηκα,πεπολέμηκα,Perfect of πολεμέω,pp::perfect,"Mastronarde AtticGreek Principal Parts (Incr,GrEn)::PPC::Unit 27"
πεπολέμημαι,πεπολέμημαι,Perfect Middle of πολεμέω,pp::perfect_middle,"Mastronarde AtticGreek Principal Parts (Incr,GrEn)::PPC::Unit 27"
ἐπολεμήθην,ἐπολεμήθην,Aorist Passive of πολεμέω,pp::aorist_passive,"Mastronarde AtticGreek Principal Parts (Incr,GrEn)::PPB::Unit 27"
ἐπιβουλεύσω,ἐπιβουλεύσω,Future of ἐπιβουλεύω,pp::future,"Mastronarde AtticGreek Principal Parts (Incr,GrEn)::PPA::Unit 28"
ἐπεβούλευσα,ἐπεβούλευσα,Aorist of ἐπιβουλεύω,pp::aorist,"Mastronarde AtticGreek Principal Parts (Incr,GrEn)::PPA::Unit 28"
ἐπιβεβούλευκα,ἐπιβεβούλευκα,Perfect of ἐπιβουλεύω,pp::perfect,"Mastronarde AtticGreek Principal Parts (Incr,GrEn)::PPC::Unit 28"
ἐπιβεβούλευμαι,ἐπιβεβούλευμαι,Perfect Middle of ἐπιβουλεύω,pp::perfect_middle,"Mastronarde AtticGreek Principal Parts (Incr,GrEn)::PPC::Unit 28"
ἐπεβουλεύθην,ἐπεβουλεύθην,Aorist Passive of ἐπιβουλεύω,pp::aorist_passive,"Mastronarde AtticGreek Principal Parts (Incr,GrEn)::PPB::Unit 28"
ἀγνοήσω,ἀγνοήσω,Future of ἀγνοέω,pp::future,"Mastronarde AtticGreek Principal Parts (Incr,GrEn)::PPA::Unit 28"
ἠγνόησα,ἠγνόησα,Aorist of ἀγνοέω,pp::aorist,"Mastronarde AtticGreek Principal Parts (Incr,GrEn)::PPA::Unit 28"
ἠγνόηκα,ἠγνόηκα,Perfect of ἀγνοέω,pp::perfect,"Mastronarde AtticGreek Principal Parts (Incr,GrEn)::PPC::Unit 28"
ἠγνόημαι,ἠγνόημαι,Perfect Middle of ἀγνοέω,pp::perfect_middle,"Mastronarde AtticGreek Principal Parts (Incr,GrEn)::PPC::Unit 28"
ἠγνοήθην,ἠγνοήθην,Aorist Passive of ἀγνοέω,pp::aorist_passive,"Mastronarde AtticGreek Principal Parts (Incr,GrEn)::PPB::Unit 28"
ἁμαρτήσομαι,ἁμαρτήσομαι,Future of ἁμαρτάνω,pp::future,"Mastronarde AtticGreek Principal Parts (Incr,GrEn)::PPA::Unit 28"
ἥμαρτον,ἥμαρτον,Aorist of ἁμαρτάνω,pp::aorist,"Mastronarde AtticGreek Principal Parts (Incr,GrEn)::PPA::Unit 28"
ἡμάρτηκα,ἡμάρτηκα,Perfect of ἁμαρτάνω,pp::perfect,"Mastronarde AtticGreek Principal Parts (Incr,GrEn)::PPC::Unit 28"
ἡμάρτημαι,ἡμάρτημαι,Perfect Middle of ἁμαρτάνω,pp::perfect_middle,"Mastronarde AtticGreek Principal Parts (Incr,GrEn)::PPC::Unit 28"
ἡμαρτήθην,ἡμαρτήθην,Aorist Passive of ἁμαρτάνω,pp::aorist_passive,"Mastronarde AtticGreek Principal Parts (Incr,GrEn)::PPB::Unit 28"
ἀνέξω,ἀνέξω,Future #1 of ἀνέχω (same meaning),pp::future,"Mastronarde AtticGreek Principal Parts (Incr,GrEn)::PPA::Unit 28"
ἀνασχήσω,ἀνασχήσω,Future #2 of ἀνέχω (same meaning),pp::future,"Mastronarde AtticGreek Principal Parts (Incr,GrEn)::PPA::Unit 28"
ἀνέχσον,ἀνέχσον,Aorist of ἀνέχω,pp::aorist,"Mastronarde AtticGreek Principal Parts (Incr,GrEn)::PPA::Unit 28"
ἀνέσχηκα,ἀνέσχηκα,Perfect of ἀνέχω,pp::perfect,"Mastronarde AtticGreek Principal Parts (Incr,GrEn)::PPC::Unit 28"
διαμενέω,διαμενέω,Future of διαμένω,pp::future,"Mastronarde AtticGreek Principal Parts (Incr,GrEn)::PPA::Unit 28"
διέμεινα,διέμεινα,Aorist of διαμένω,pp::aorist,"Mastronarde AtticGreek Principal Parts (Incr,GrEn)::PPA::Unit 28"
διαμεμένηκα,διαμεμένηκα,Perfect of διαμένω,pp::perfect,"Mastronarde AtticGreek Principal Parts (Incr,GrEn)::PPC::Unit 28"
διατελέω,διατελέω,Future of διατελέω,pp::future,"Mastronarde AtticGreek Principal Parts (Incr,GrEn)::PPA::Unit 28"
διετέλεσα,διετέλεσα,Aorist of διατελέω,pp::aorist,"Mastronarde AtticGreek Principal Parts (Incr,GrEn)::PPA::Unit 28"
διατετέλεκα,διατετέλεκα,Perfect of διετέλεσα,pp::perfect,"Mastronarde AtticGreek Principal Parts (Incr,GrEn)::PPC::Unit 28"
διατετέλεσμαι,διατετέλεσμαι,Perfect Middle of διετέλεσα,pp::perfect_middle,"Mastronarde AtticGreek Principal Parts (Incr,GrEn)::PPC::Unit 28"
διετελέσθην,διετελέσθην,Aorist Passive of διετέλεσα,pp::aorist_passive,"Mastronarde AtticGreek Principal Parts (Incr,GrEn)::PPB::Unit 28"
ἐλέγξω,ἐλέγξω,Future of ἐλέγχω,pp::future,"Mastronarde AtticGreek Principal Parts (Incr,GrEn)::PPA::Unit 28"
ἤλεγξα,ἤλεγξα,Aorist of ἐλέγχω,pp::aorist,"Mastronarde AtticGreek Principal Parts (Incr,GrEn)::PPA::Unit 28"
ἐλήλεγμαι,ἐλήλεγμαι,Perfect Middle of ἐλέγχω,pp::perfect_middle,"Mastronarde AtticGreek Principal Parts (Incr,GrEn)::PPC::Unit 28"
ἠλέγχθην,ἠλέγχθην,Aorist Passive of ἐλέγχω,pp::aorist_passive,"Mastronarde AtticGreek Principal Parts (Incr,GrEn)::PPB::Unit 28"
ἐξελέγξω,ἐξελέγξω,Future of ἐξελέγχω,pp::future,"Mastronarde AtticGreek Principal Parts (Incr,GrEn)::PPA::Unit 28"
ἐξηλεγξα,ἐξηλεγξα,Aorist of ἐξελέγχω,pp::aorist,"Mastronarde AtticGreek Principal Parts (Incr,GrEn)::PPA::Unit 28"
ἐξελήλεγμαι,ἐξελήλεγμαι,Perfect Middle of ἐξελέγχω,pp::perfect_middle,"Mastronarde AtticGreek Principal Parts (Incr,GrEn)::PPC::Unit 28"
ἐξηλέγχθην,ἐξηλέγχθην,Aorist Passive of ἐξελέγχω,pp::aorist_passive,"Mastronarde AtticGreek Principal Parts (Incr,GrEn)::PPB::Unit 28"
ἐπιστήσομαι,ἐπιστήσομαι,Future of ἐπίσταμαι,pp::future,"Mastronarde AtticGreek Principal Parts (Incr,GrEn)::PPA::Unit 28"
ἠπιστήθην,ἠπιστήθην,Aorist Passive of ἐπίσταμαι,pp::aorist_passive,"Mastronarde AtticGreek Principal Parts (Incr,GrEn)::PPB::Unit 28"
ἡσθήσομαι,ἡσθήσομαι,Future of ἥδομαι,pp::future,"Mastronarde AtticGreek Principal Parts (Incr,GrEn)::PPA::Unit 28"
ἥσθην,ἥσθην,Aorist Passive of ἥδομαι,pp::aorist_passive,"Mastronarde AtticGreek Principal Parts (Incr,GrEn)::PPB::Unit 28"
λήσω,λήσω,Future of λανθάνω,pp::future,"Mastronarde AtticGreek Principal Parts (Incr,GrEn)::PPA::Unit 28"
ἔλαθον,ἔλαθον,Aorist of λανθάνω,pp::aorist,"Mastronarde AtticGreek Principal Parts (Incr,GrEn)::PPA::Unit 28"
λέληθα,λέληθα,Perfect of λανθάνω,pp::perfect,"Mastronarde AtticGreek Principal Parts (Incr,GrEn)::PPC::Unit 28"
-λέλησμαι,-λέλησμαι,Perfect Middle of λανθάνω,pp::perfect_middle,"Mastronarde AtticGreek Principal Parts (Incr,GrEn)::PPC::Unit 28"
εἴσομαι,εἴσομαι,Future of οἶδα,pp::future,"Mastronarde AtticGreek Principal Parts (Incr,GrEn)::PPA::Unit 28"
ὀργιέομαι,ὀργιέομαι,Future of ὀργίζομαι,pp::future,"Mastronarde AtticGreek Principal Parts (Incr,GrEn)::PPA::Unit 28"
ὤργισμαι,ὤργισμαι,Perfect Middle of ὀργίζομαι,pp::perfect_middle,"Mastronarde AtticGreek Principal Parts (Incr,GrEn)::PPC::Unit 28"
ὠργίσθην,ὠργίσθην,Aorist Passive of ὀργίζομαι,pp::aorist_passive,"Mastronarde AtticGreek Principal Parts (Incr,GrEn)::PPB::Unit 28"
ὤργισα,ὤργισα,Aorist of ὀργίζω,pp::aorist,"Mastronarde AtticGreek Principal Parts (Incr,GrEn)::PPA::Unit 28"
παύσω,παύσω,Future of παύω,pp::future,"Mastronarde AtticGreek Principal Parts (Incr,GrEn)::PPA::Unit 28"
ἔπαυσα,ἔπαυσα,Aorist of παύω,pp::aorist,"Mastronarde AtticGreek Principal Parts (Incr,GrEn)::PPA::Unit 28"
πέπαυκα,πέπαυκα,Perfect of παύω,pp::perfect,"Mastronarde AtticGreek Principal Parts (Incr,GrEn)::PPC::Unit 28"
πέπαυμαι,πέπαυμαι,Perfect Middle of παύω,pp::perfect_middle,"Mastronarde AtticGreek Principal Parts (Incr,GrEn)::PPC::Unit 28"
ἐπαύθην,ἐπαύθην,Aorist Passive of παύω,pp::aorist_passive,"Mastronarde AtticGreek Principal Parts (Incr,GrEn)::PPB::Unit 28"
περιόψομαι,περιόψομαι,Future of περιοράω,pp::future,"Mastronarde AtticGreek Principal Parts (Incr,GrEn)::PPA::Unit 28"
περιεῖδον,περιεῖδον,Aorist of περιοράω,pp::aorist,"Mastronarde AtticGreek Principal Parts (Incr,GrEn)::PPA::Unit 28"
περιεώρακα,περιεώρακα,Perfect of περιοράω,pp::perfect,"Mastronarde AtticGreek Principal Parts (Incr,GrEn)::PPC::Unit 28"
περιῶμμαι,περιῶμμαι,Perfect Middle #1 of περιοράω (same meaning),pp::perfect_middle,"Mastronarde AtticGreek Principal Parts (Incr,GrEn)::PPC::Unit 28"
περιεώραμαι,περιεώραμαι,Perfect Middle #2 of περιοράω (same meaning),pp::perfect_middle,"Mastronarde AtticGreek Principal Parts (Incr,GrEn)::PPC::Unit 28"
περιώφθην,περιώφθην,Aorist Passive of περιοράω,pp::aorist_passive,"Mastronarde AtticGreek Principal Parts (Incr,GrEn)::PPB::Unit 28"
τεύξομαι,τεύξομαι,Future of τυγχάνω,pp::future,"Mastronarde AtticGreek Principal Parts (Incr,GrEn)::PPA::Unit 28"
ἔτυχον,ἔτυχον,Aorist of τυγχάνω,pp::aorist,"Mastronarde AtticGreek Principal Parts (Incr,GrEn)::PPA::Unit 28"
τετύχηκα,τετύχηκα,Perfect of τυγχάνω,pp::perfect,"Mastronarde AtticGreek Principal Parts (Incr,GrEn)::PPC::Unit 28"
φθήσομαι,φθήσομαι,Future of φθάνω,pp::future,"Mastronarde AtticGreek Principal Parts (Incr,GrEn)::PPA::Unit 28"
ἔφθασα,ἔφθασα,Aorist #1 of φθάνω (same meaning),pp::aorist,"Mastronarde AtticGreek Principal Parts (Incr,GrEn)::PPA::Unit 28"
ἔφθην,ἔφθην,Aorist #2 of φθάνω (same meaning),pp::aorist,"Mastronarde AtticGreek Principal Parts (Incr,GrEn)::PPA::Unit 28"
φανέω,φανέω,Future of φαίνω,pp::future,"Mastronarde AtticGreek Principal Parts (Incr,GrEn)::PPA::Unit 29"
ἔφηνα,ἔφηνα,Aorist of φαίνω,pp::aorist,"Mastronarde AtticGreek Principal Parts (Incr,GrEn)::PPA::Unit 29"
πέφηνα,πέφηνα,Perfect of φαίνω,pp::perfect,"Mastronarde AtticGreek Principal Parts (Incr,GrEn)::PPC::Unit 29"
πέφασμαι,πέφασμαι,Perfect Middle of φαίνω,pp::perfect_middle,"Mastronarde AtticGreek Principal Parts (Incr,GrEn)::PPC::Unit 29"
ἐφάνην (ἐφάνθην),ἐφάνην (ἐφάνθην),Aorist Passive of φαίνω,pp::aorist_passive,"Mastronarde AtticGreek Principal Parts (Incr,GrEn)::PPB::Unit 29"
